timestamp,object_name,object_grab,total_grab,session,session_duration,zone,Timestamp,SourceFile,expected_zone,correct,exp
2025-04-17 17:08:33,Fur ball,2,6,1,32.0,0,2025-04-17 17:08:34,20250417_170907_suhan_zone_log.csv,0,True,False
2025-04-17 17:08:44,bouncy ball,3,11,1,32.0,1,2025-04-17 17:08:47,20250417_170907_suhan_zone_log.csv,2,False,False
2025-04-17 17:08:48,Steal ball,3,12,1,32.0,4,2025-04-17 17:08:50,20250417_170907_suhan_zone_log.csv,4,True,False
2025-04-17 17:08:55,Sponge ball,3,14,1,32.0,2,2025-04-17 17:08:56,20250417_170907_suhan_zone_log.csv,1,False,False
2025-04-17 17:08:57,BaseBall,4,15,1,32.0,3,2025-04-17 17:08:58,20250417_170907_suhan_zone_log.csv,3,True,False
2025-04-17 17:09:21,Fur ball,1,6,2,37.0,0,2025-04-17 17:09:23,20250417_170955_suhan_zone_log.csv,0,True,False
2025-04-17 17:09:34,Sponge ball,5,14,2,37.0,1,2025-04-17 17:09:35,20250417_170955_suhan_zone_log.csv,1,True,False
2025-04-17 17:09:39,BaseBall,3,16,2,37.0,2,2025-04-17 17:09:41,20250417_170955_suhan_zone_log.csv,3,False,False
2025-04-17 17:09:46,bouncy ball,6,19,2,37.0,3,2025-04-17 17:09:47,20250417_170955_suhan_zone_log.csv,2,False,False
2025-04-17 17:09:48,Steal ball,5,20,2,37.0,4,2025-04-17 17:09:50,20250417_170955_suhan_zone_log.csv,4,True,False
2025-04-17 17:10:09,0,1,6,3,142.0,0,2025-04-17 17:10:11,20250417_171227_suhan_zone_log.csv,0,True,False
2025-04-17 17:10:12,10,2,7,3,142.0,1,2025-04-17 17:10:15,20250417_171227_suhan_zone_log.csv,1,True,False
2025-04-17 17:12:12,100,9,24,3,142.0,2,2025-04-17 17:12:13,20250417_171227_suhan_zone_log.csv,4,False,False
2025-04-17 17:12:15,50,9,25,3,142.0,3,2025-04-17 17:12:17,20250417_171227_suhan_zone_log.csv,3,True,False
2025-04-17 17:12:20,30,5,26,3,142.0,4,2025-04-17 17:12:21,20250417_171227_suhan_zone_log.csv,2,False,False
2025-04-17 17:12:53,0,1,8,4,52.0,0,2025-04-17 17:12:55,20250417_171327_suhan_zone_log.csv,0,True,False
2025-04-17 17:12:56,10,2,9,4,52.0,1,2025-04-17 17:12:57,20250417_171327_suhan_zone_log.csv,1,True,False
2025-04-17 17:13:07,30,3,14,4,52.0,2,2025-04-17 17:13:08,20250417_171327_suhan_zone_log.csv,2,True,False
2025-04-17 17:13:11,50,5,15,4,52.0,3,2025-04-17 17:13:12,20250417_171327_suhan_zone_log.csv,3,True,False
2025-04-17 17:13:23,100,7,18,4,52.0,4,2025-04-17 17:13:20,20250417_171327_suhan_zone_log.csv,4,True,False
2025-04-17 17:13:42,0,1,5,5,60.0,0,2025-04-17 17:13:46,20250417_171437_suhan_zone_log.csv,0,True,False
2025-04-17 17:14:03,10,3,11,5,60.0,1,2025-04-17 17:14:04,20250417_171437_suhan_zone_log.csv,1,True,False
2025-04-17 17:14:26,50,6,20,5,60.0,2,2025-04-17 17:14:27,20250417_171437_suhan_zone_log.csv,3,False,False
2025-04-17 17:14:29,100,6,21,5,60.0,3,2025-04-17 17:14:30,20250417_171437_suhan_zone_log.csv,4,False,False
2025-04-17 17:14:31,30,6,22,5,60.0,4,2025-04-17 17:14:33,20250417_171437_suhan_zone_log.csv,2,False,False
2025-04-17 17:15:10,0,2,8,6,64.0,0,2025-04-17 17:15:11,20250417_171602_suhan_zone_log.csv,0,True,False
2025-04-17 17:15:36,10,5,18,6,64.0,4,2025-04-17 17:15:38,20250417_171602_suhan_zone_log.csv,1,False,False
2025-04-17 17:15:45,50,5,20,6,64.0,1,2025-04-17 17:15:46,20250417_171602_suhan_zone_log.csv,3,False,False
2025-04-17 17:15:48,30,7,22,6,64.0,3,2025-04-17 17:15:51,20250417_171602_suhan_zone_log.csv,2,False,False
2025-04-17 17:15:57,100,4,23,6,64.0,2,2025-04-17 17:15:58,20250417_171602_suhan_zone_log.csv,4,False,False
2025-04-17 17:16:25,Fur ball,2,6,7,34.0,0,2025-04-17 17:16:26,20250417_171647_suhan_zone_log.csv,0,True,False
2025-04-17 17:16:32,Sponge ball,2,8,7,34.0,1,2025-04-17 17:16:33,20250417_171647_suhan_zone_log.csv,1,True,False
2025-04-17 17:16:36,BaseBall,2,9,7,34.0,2,2025-04-17 17:16:37,20250417_171647_suhan_zone_log.csv,3,False,False
2025-04-17 17:16:38,bouncy ball,2,10,7,34.0,3,2025-04-17 17:16:40,20250417_171647_suhan_zone_log.csv,2,False,False
2025-04-17 17:16:41,Steal ball,3,11,7,34.0,4,2025-04-17 17:16:43,20250417_171647_suhan_zone_log.csv,4,True,False
2025-04-17 17:17:03,Fur ball,2,6,8,36.0,0,2025-04-17 17:17:04,20250417_171733_suhan_zone_log.csv,0,True,False
2025-04-17 17:17:11,BaseBall,2,8,8,36.0,4,2025-04-17 17:17:12,20250417_171733_suhan_zone_log.csv,3,False,False
2025-04-17 17:17:14,Steal ball,2,9,8,36.0,3,2025-04-17 17:17:16,20250417_171733_suhan_zone_log.csv,4,False,False
2025-04-17 17:17:22,Sponge ball,3,11,8,36.0,1,2025-04-17 17:17:25,20250417_171733_suhan_zone_log.csv,1,True,False
2025-04-17 17:17:27,bouncy ball,3,12,8,36.0,2,2025-04-17 17:17:29,20250417_171733_suhan_zone_log.csv,2,True,False
2025-04-17 17:17:53,Fur ball,2,6,9,70.0,0,2025-04-17 17:17:56,20250417_171853_suhan_zone_log.csv,0,True,False
2025-04-17 17:18:19,BaseBall,2,12,9,70.0,4,2025-04-17 17:18:20,20250417_171853_suhan_zone_log.csv,3,False,False
2025-04-17 17:18:32,Steal ball,6,17,9,70.0,1,2025-04-17 17:18:35,20250417_171853_suhan_zone_log.csv,4,False,False
2025-04-17 17:18:41,bouncy ball,5,19,9,70.0,3,2025-04-17 17:18:44,20250417_171853_suhan_zone_log.csv,2,False,False
2025-04-17 17:18:45,Sponge ball,5,20,9,70.0,2,2025-04-17 17:18:48,20250417_171853_suhan_zone_log.csv,1,False,False
2025-04-17 17:19:13,0,2,7,10,78.0,0,2025-04-17 17:19:16,20250417_172022_suhan_zone_log.csv,0,True,False
2025-04-17 17:19:22,10,3,10,10,78.0,2,2025-04-17 17:19:25,20250417_172022_suhan_zone_log.csv,1,False,False
2025-04-17 17:19:48,100,4,16,10,78.0,1,2025-04-17 17:19:52,20250417_172022_suhan_zone_log.csv,4,False,False
2025-04-17 17:20:12,30,7,23,10,78.0,3,2025-04-17 17:20:13,20250417_172022_suhan_zone_log.csv,2,False,False
2025-04-17 17:20:15,50,9,25,10,78.0,4,2025-04-17 17:20:16,20250417_172022_suhan_zone_log.csv,3,False,False
