2025-03-27 오전 10:15:15,Steal ball,1,1
2025-03-27 오전 10:15:19,BaseBall,1,2
2025-03-27 오전 10:15:24,Sponge ball,1,3
2025-03-27 오전 10:15:28,bouncy ball,1,4
2025-03-27 오전 10:15:29,Fur ball,1,5
2025-03-27 오전 10:15:33,bouncy ball,2,6
2025-03-27 오전 10:15:36,BaseBall,2,7
2025-03-27 오전 10:15:39,bouncy ball,3,8
2025-03-27 오전 10:15:42,bouncy ball,4,9
2025-03-27 오전 10:15:46,Steal ball,2,10
2025-03-27 오전 10:15:49,bouncy ball,5,11
2025-03-27 오전 10:15:53,Steal ball,3,12
2025-03-27 오전 10:15:54,bouncy ball,6,13
2025-03-27 오전 10:15:55,bouncy ball,7,14
2025-03-27 오전 10:15:58,Steal ball,4,15
2025-03-27 오전 10:15:59,Steal ball,5,16
2025-03-27 오전 10:16:02,bouncy ball,8,17
2025-03-27 오전 10:16:05,bouncy ball,9,18
2025-03-27 오전 10:16:07,BaseBall,3,19
2025-03-27 오전 10:16:10,BaseBall,4,20
2025-03-27 오전 10:16:12,bouncy ball,10,21
2025-03-27 오전 10:16:13,bouncy ball,11,22
2025-03-27 오전 10:16:16,BaseBall,5,23
2025-03-27 오전 10:16:19,bouncy ball,12,24
2025-03-27 오전 10:16:20,bouncy ball,13,25
2025-03-27 오전 10:16:23,BaseBall,6,26
2025-03-27 오전 10:16:25,Steal ball,6,27
2025-03-27 오전 10:16:28,BaseBall,7,28
2025-03-27 오전 10:16:28,BaseBall,8,29
2025-03-27 오전 10:16:30,BaseBall,9,30
2025-03-27 오전 10:16:39,50,1,1
2025-03-27 오전 10:16:41,100,1,2
2025-03-27 오전 10:16:44,10,1,3
2025-03-27 오전 10:16:48,30,1,4
2025-03-27 오전 10:16:50,0,1,5
2025-03-27 오전 10:16:53,50,2,6
2025-03-27 오전 10:16:55,100,2,7
2025-03-27 오전 10:16:58,30,2,8
2025-03-27 오전 10:17:01,100,3,9
2025-03-27 오전 10:17:05,50,3,10
2025-03-27 오전 10:17:09,100,4,11
2025-03-27 오전 10:17:11,100,5,12
2025-03-27 오전 10:17:21,30,1,1
2025-03-27 오전 10:17:24,50,1,2
2025-03-27 오전 10:17:25,30,2,3
2025-03-27 오전 10:17:29,0,1,4
2025-03-27 오전 10:17:36,10,1,5
2025-03-27 오전 10:17:39,30,3,6
2025-03-27 오전 10:17:41,50,2,7
2025-03-27 오전 10:17:45,100,1,8
2025-03-27 오전 10:17:50,50,3,9
2025-03-27 오전 10:18:03,10,2,10
2025-03-27 오전 10:18:04,0,2,11
2025-03-27 오전 10:18:13,Sponge ball,1,1
2025-03-27 오전 10:18:14,Sponge ball,2,2
2025-03-27 오전 10:18:19,BaseBall,1,3
2025-03-27 오전 10:18:23,Fur ball,1,4
2025-03-27 오전 10:18:33,bouncy ball,1,5
2025-03-27 오전 10:18:38,Steal ball,1,6
2025-03-27 오전 10:18:40,bouncy ball,2,7
2025-03-27 오전 10:18:42,BaseBall,2,8
2025-03-27 오전 10:18:46,Steal ball,2,9
2025-03-27 오전 10:18:48,BaseBall,3,10
2025-03-27 오전 10:18:52,Steal ball,3,11
2025-03-27 오전 10:18:55,Fur ball,2,12
2025-03-27 오전 10:18:57,Sponge ball,3,13
2025-03-27 오전 10:18:59,bouncy ball,3,14
2025-03-27 오전 10:19:01,BaseBall,4,15
2025-03-27 오전 10:19:03,bouncy ball,4,16
2025-03-27 오전 10:19:13,Steal ball,4,17
2025-03-27 오전 10:19:28,BaseBall,1,1
2025-03-27 오전 10:19:31,Sponge ball,1,2
2025-03-27 오전 10:19:38,bouncy ball,1,3
2025-03-27 오전 10:19:39,bouncy ball,2,4
2025-03-27 오전 10:19:42,Steal ball,1,5
2025-03-27 오전 10:19:44,Fur ball,1,6
2025-03-27 오전 10:19:47,Sponge ball,2,7
2025-03-27 오전 10:19:50,Fur ball,2,8
2025-03-27 오전 10:19:52,BaseBall,2,9
2025-03-27 오전 10:19:56,Steal ball,2,10
2025-03-27 오전 10:20:02,BaseBall,3,11
2025-03-27 오전 10:20:07,BaseBall,4,12
2025-03-27 오전 10:20:09,bouncy ball,3,13
2025-03-27 오전 10:20:14,Sponge ball,3,14
2025-03-27 오전 10:20:30,BaseBall,1,1
2025-03-27 오전 10:20:31,BaseBall,2,2
2025-03-27 오전 10:20:34,Fur ball,1,3
2025-03-27 오전 10:20:37,Sponge ball,1,4
2025-03-27 오전 10:20:40,bouncy ball,1,5
2025-03-27 오전 10:20:43,Steal ball,1,6
2025-03-27 오전 10:20:45,BaseBall,3,7
2025-03-27 오전 10:20:47,bouncy ball,2,8
2025-03-27 오전 10:20:50,Steal ball,2,9
2025-03-27 오전 10:20:53,bouncy ball,3,10
2025-03-27 오전 10:20:55,bouncy ball,4,11
2025-03-27 오전 10:20:57,bouncy ball,5,12
2025-03-27 오전 10:20:59,BaseBall,4,13
2025-03-27 오전 10:21:04,BaseBall,5,14
2025-03-27 오전 10:21:09,bouncy ball,6,15
2025-03-27 오전 10:21:13,Sponge ball,2,16
2025-03-27 오전 10:21:15,bouncy ball,7,17
2025-03-27 오전 10:21:17,Sponge ball,3,18
2025-03-27 오전 10:21:19,bouncy ball,8,19
2025-03-27 오전 10:21:21,Steal ball,3,20
2025-03-27 오전 10:21:23,Fur ball,2,21
2025-03-27 오전 10:21:30,10,1,1
2025-03-27 오전 10:21:31,10,2,2
2025-03-27 오전 10:21:32,10,3,3
2025-03-27 오전 10:21:37,30,1,4
2025-03-27 오전 10:21:41,30,2,5
2025-03-27 오전 10:21:45,50,1,6
2025-03-27 오전 10:21:49,100,1,7
2025-03-27 오전 10:21:52,0,1,8
2025-03-27 오전 10:21:58,100,2,9
2025-03-27 오전 10:22:00,100,3,10
2025-03-27 오전 10:22:02,100,4,11
2025-03-27 오전 10:22:04,50,2,12
2025-03-27 오전 10:22:07,30,3,13
2025-03-27 오전 10:22:10,50,3,14
2025-03-27 오전 10:22:12,50,4,15
2025-03-27 오전 10:22:17,100,5,16
2025-03-27 오전 10:22:20,0,2,17
2025-03-27 오전 10:22:22,10,4,18
2025-03-27 오전 10:22:24,30,4,19
2025-03-27 오전 10:22:26,50,5,20
2025-03-27 오전 10:22:45,0,1,1
2025-03-27 오전 10:22:48,50,1,2
2025-03-27 오전 10:22:51,50,2,3
2025-03-27 오전 10:22:52,50,3,4
2025-03-27 오전 10:22:54,100,1,5
2025-03-27 오전 10:22:56,30,1,6
2025-03-27 오전 10:22:57,10,1,7
2025-03-27 오전 10:22:59,10,2,8
2025-03-27 오전 10:23:02,30,2,9
2025-03-27 오전 10:23:04,100,2,10
2025-03-27 오전 10:23:06,50,4,11
2025-03-27 오전 10:23:09,100,3,12
2025-03-27 오전 10:23:12,0,2,13
2025-03-27 오전 10:23:13,10,3,14
2025-03-27 오전 10:23:15,30,3,15
2025-03-27 오전 10:23:19,100,4,16
2025-03-27 오전 10:23:31,50,1,1
2025-03-27 오전 10:23:33,0,1,2
2025-03-27 오전 10:23:40,100,1,3
2025-03-27 오전 10:23:41,30,1,4
2025-03-27 오전 10:23:43,10,1,5
2025-03-27 오전 10:23:46,30,2,6
2025-03-27 오전 10:23:48,100,2,7
2025-03-27 오전 10:23:51,100,3,8
2025-03-27 오전 10:23:52,50,2,9
2025-03-27 오전 10:23:56,100,4,10
2025-03-27 오전 10:23:58,0,2,11
2025-03-27 오전 10:24:00,10,2,12
2025-03-27 오전 10:24:02,30,3,13
2025-03-27 오전 10:24:03,50,3,14
2025-03-27 오전 10:24:05,100,5,15
2025-03-27 오전 10:24:18,Steal ball,1,1
2025-03-27 오전 10:24:19,Steal ball,2,2
2025-03-27 오전 10:24:20,bouncy ball,1,3
2025-03-27 오전 10:24:21,Fur ball,1,4
2025-03-27 오전 10:24:24,Sponge ball,1,5
2025-03-27 오전 10:24:29,BaseBall,1,6
2025-03-27 오전 10:24:32,bouncy ball,2,7
2025-03-27 오전 10:24:36,Steal ball,3,8
2025-03-27 오전 10:24:39,BaseBall,2,9
2025-03-27 오전 10:24:44,bouncy ball,3,10
2025-03-27 오전 10:24:48,Fur ball,2,11
2025-03-27 오전 10:24:49,Sponge ball,2,12
2025-03-27 오전 10:24:51,BaseBall,3,13
2025-03-27 오전 10:24:54,bouncy ball,4,14
2025-03-27 오전 10:24:56,BaseBall,4,15
2025-03-27 오전 10:24:58,bouncy ball,5,16
2025-03-27 오전 10:25:01,BaseBall,5,17
2025-03-27 오전 10:25:03,BaseBall,6,18
2025-03-27 오전 10:25:05,bouncy ball,6,19
2025-03-27 오전 10:25:07,BaseBall,7,20
2025-03-27 오전 10:25:08,Steal ball,4,21
