2025-03-26 오전 10:21:56,Sponge ball,1,1
2025-03-26 오전 10:22:02,Fur ball,1,2
2025-03-26 오전 10:22:05,Steal ball,1,3
2025-03-26 오전 10:22:08,bouncy ball,1,4
2025-03-26 오전 10:22:12,Sponge ball,2,5
2025-03-26 오전 10:22:14,BaseBall,1,6
2025-03-26 오전 10:22:18,bouncy ball,2,7
2025-03-26 오전 10:22:19,bouncy ball,3,8
2025-03-26 오전 10:22:22,bouncy ball,4,9
2025-03-26 오전 10:22:25,Steal ball,2,10
2025-03-26 오전 10:22:27,Steal ball,3,11
2025-03-26 오전 10:22:29,bouncy ball,5,12
2025-03-26 오전 10:22:32,Sponge ball,3,13
2025-03-26 오전 10:22:34,Sponge ball,4,14
2025-03-26 오전 10:22:39,bouncy ball,6,15
2025-03-26 오전 10:22:41,bouncy ball,7,16
2025-03-26 오전 10:22:42,bouncy ball,8,17
2025-03-26 오전 10:22:44,BaseBall,2,18
2025-03-26 오전 10:22:46,BaseBall,3,19
2025-03-26 오전 10:22:46,BaseBall,4,20
2025-03-26 오전 10:22:49,BaseBall,5,21
2025-03-26 오전 10:22:54,Steal ball,4,22
2025-03-26 오전 10:23:01,Steal ball,5,23
2025-03-26 오전 10:23:03,Sponge ball,5,24
2025-03-26 오전 10:23:04,Steal ball,6,25
2025-03-26 오전 10:23:06,Steal ball,7,26
2025-03-26 오전 10:23:10,Steal ball,8,27
2025-03-26 오전 10:23:14,bouncy ball,9,28
2025-03-26 오전 10:23:16,bouncy ball,10,29
2025-03-26 오전 10:23:17,bouncy ball,11,30
2025-03-26 오전 10:23:18,bouncy ball,12,31
2025-03-26 오전 10:23:21,Sponge ball,6,32
2025-03-26 오전 10:23:23,Sponge ball,7,33
2025-03-26 오전 10:23:29,Sponge ball,8,34
2025-03-26 오전 10:23:33,BaseBall,6,35
2025-03-26 오전 10:23:35,Steal ball,9,36
2025-03-26 오전 10:23:38,Steal ball,10,37
2025-03-26 오전 10:23:41,Steal ball,11,38
2025-03-26 오전 10:23:44,Steal ball,12,39
2025-03-26 오전 10:23:46,Sponge ball,9,40
2025-03-26 오전 10:23:51,Sponge ball,10,41
2025-03-26 오전 10:23:54,Steal ball,13,42
2025-03-26 오전 10:23:57,bouncy ball,13,43
2025-03-26 오전 10:23:59,bouncy ball,14,44
2025-03-26 오전 10:24:02,Sponge ball,11,45
2025-03-26 오전 10:24:02,Sponge ball,12,46
2025-03-26 오전 10:24:03,Sponge ball,13,47
2025-03-26 오전 10:24:05,bouncy ball,15,48
2025-03-26 오전 10:24:12,BaseBall,7,49
2025-03-26 오전 10:24:14,BaseBall,8,50
2025-03-26 오전 10:24:21,bouncy ball,16,51
2025-03-26 오전 10:24:29,Fur ball,1,1
2025-03-26 오전 10:24:30,Fur ball,2,2
2025-03-26 오전 10:24:33,BaseBall,1,3
2025-03-26 오전 10:24:36,Steal ball,1,4
2025-03-26 오전 10:24:48,Steal ball,2,5
2025-03-26 오전 10:24:51,BaseBall,2,6
2025-03-26 오전 10:24:55,BaseBall,3,7
2025-03-26 오전 10:24:58,Sponge ball,1,8
2025-03-26 오전 10:24:59,Sponge ball,2,9
2025-03-26 오전 10:25:03,bouncy ball,1,10
2025-03-26 오전 10:25:04,bouncy ball,2,11
2025-03-26 오전 10:25:06,BaseBall,4,12
2025-03-26 오전 10:25:17,10,1,1
2025-03-26 오전 10:25:19,10,2,2
2025-03-26 오전 10:25:21,10,3,3
2025-03-26 오전 10:25:24,10,4,4
2025-03-26 오전 10:25:29,30,1,5
2025-03-26 오전 10:25:29,30,2,6
2025-03-26 오전 10:25:31,0,1,7
2025-03-26 오전 10:25:32,0,2,8
2025-03-26 오전 10:25:37,10,5,9
2025-03-26 오전 10:25:38,10,6,10
2025-03-26 오전 10:25:42,100,1,11
2025-03-26 오전 10:25:44,30,3,12
2025-03-26 오전 10:25:45,30,4,13
2025-03-26 오전 10:25:50,100,2,14
2025-03-26 오전 10:25:51,100,3,15
2025-03-26 오전 10:25:54,100,4,16
2025-03-26 오전 10:25:58,50,1,17
2025-03-26 오전 10:26:00,50,2,18
2025-03-26 오전 10:26:02,50,3,19
2025-03-26 오전 10:26:05,50,4,20
2025-03-26 오전 10:26:07,50,5,21
2025-03-26 오전 10:26:10,100,5,22
2025-03-26 오전 10:26:12,100,6,23
2025-03-26 오전 10:26:15,30,5,24
2025-03-26 오전 10:26:17,30,6,25
2025-03-26 오전 10:26:19,30,7,26
2025-03-26 오전 10:26:22,50,6,27
2025-03-26 오전 10:26:23,50,7,28
2025-03-26 오전 10:26:26,50,8,29
2025-03-26 오전 10:26:30,50,9,30
2025-03-26 오전 10:26:32,30,8,31
2025-03-26 오전 10:26:32,30,9,32
2025-03-26 오전 10:26:34,30,10,33
2025-03-26 오전 10:26:37,100,7,34
2025-03-26 오전 10:26:38,100,8,35
2025-03-26 오전 10:26:39,100,9,36
2025-03-26 오전 10:26:41,100,10,37
2025-03-26 오전 10:26:43,50,10,38
2025-03-26 오전 10:26:46,30,11,39
2025-03-26 오전 10:26:47,30,12,40
2025-03-26 오전 10:26:49,100,11,41
2025-03-26 오전 10:26:51,30,13,42
2025-03-26 오전 10:26:54,50,11,43
2025-03-26 오전 10:26:55,50,12,44
2025-03-26 오전 10:27:03,Sponge ball,1,1
2025-03-26 오전 10:27:04,Sponge ball,2,2
2025-03-26 오전 10:27:05,Sponge ball,3,3
2025-03-26 오전 10:27:05,Sponge ball,4,4
2025-03-26 오전 10:27:06,Sponge ball,5,5
2025-03-26 오전 10:27:08,Sponge ball,6,6
2025-03-26 오전 10:27:09,Fur ball,1,7
2025-03-26 오전 10:27:11,Fur ball,2,8
2025-03-26 오전 10:27:14,BaseBall,1,9
2025-03-26 오전 10:27:15,Steal ball,1,10
2025-03-26 오전 10:27:16,Steal ball,2,11
2025-03-26 오전 10:27:20,Steal ball,3,12
2025-03-26 오전 10:27:22,bouncy ball,1,13
2025-03-26 오전 10:27:25,Steal ball,4,14
2025-03-26 오전 10:27:26,bouncy ball,2,15
2025-03-26 오전 10:27:27,bouncy ball,3,16
2025-03-26 오전 10:27:28,bouncy ball,4,17
2025-03-26 오전 10:27:31,bouncy ball,5,18
2025-03-26 오전 10:27:33,bouncy ball,6,19
2025-03-26 오전 10:27:37,BaseBall,2,20
2025-03-26 오전 10:27:38,BaseBall,3,21
2025-03-26 오전 10:27:40,Sponge ball,7,22
2025-03-26 오전 10:27:42,Sponge ball,8,23
2025-03-26 오전 10:27:42,Sponge ball,9,24
2025-03-26 오전 10:27:44,Sponge ball,10,25
2025-03-26 오전 10:27:45,BaseBall,4,26
2025-03-26 오전 10:27:47,BaseBall,5,27
2025-03-26 오전 10:27:49,Steal ball,5,28
2025-03-26 오전 10:27:51,Steal ball,6,29
2025-03-26 오전 10:27:56,Steal ball,7,30
2025-03-26 오전 10:27:58,BaseBall,6,31
2025-03-26 오전 10:28:00,Sponge ball,11,32
2025-03-26 오전 10:28:05,bouncy ball,7,33
2025-03-26 오전 10:28:07,bouncy ball,8,34
2025-03-26 오전 10:28:08,BaseBall,7,35
2025-03-26 오전 10:28:12,BaseBall,8,36
2025-03-26 오전 10:28:14,bouncy ball,9,37
2025-03-26 오전 10:28:14,bouncy ball,10,38
2025-03-26 오전 10:28:16,BaseBall,9,39
2025-03-26 오전 10:28:18,Steal ball,8,40
2025-03-26 오전 10:28:20,Steal ball,9,41
2025-03-26 오전 10:28:23,BaseBall,10,42
2025-03-26 오전 10:28:24,BaseBall,11,43
2025-03-26 오전 10:28:26,Steal ball,10,44
2025-03-26 오전 10:28:28,Steal ball,11,45
2025-03-26 오전 10:28:30,BaseBall,12,46
2025-03-26 오전 10:28:32,Steal ball,12,47
2025-03-26 오전 10:28:34,BaseBall,13,48
2025-03-26 오전 10:28:36,Steal ball,13,49
2025-03-26 오전 10:28:39,Steal ball,14,50
2025-03-26 오전 10:28:42,BaseBall,14,51
2025-03-26 오전 10:28:44,Steal ball,15,52
2025-03-26 오전 10:28:47,bouncy ball,11,53
2025-03-26 오전 10:28:48,bouncy ball,12,54
2025-03-26 오전 10:28:50,Steal ball,16,55
2025-03-26 오전 10:28:53,BaseBall,15,56
2025-03-26 오전 10:28:55,BaseBall,16,57
2025-03-26 오전 10:28:56,Steal ball,17,58
2025-03-26 오전 10:28:59,Steal ball,18,59
2025-03-26 오전 10:29:01,BaseBall,17,60
2025-03-26 오전 10:29:02,BaseBall,18,61
2025-03-26 오전 10:29:03,BaseBall,19,62
2025-03-26 오전 10:29:05,BaseBall,20,63
2025-03-26 오전 10:29:07,Steal ball,19,64
2025-03-26 오전 10:29:10,Steal ball,20,65
2025-03-26 오전 10:29:12,BaseBall,21,66
2025-03-26 오전 10:29:14,BaseBall,22,67
2025-03-26 오전 10:29:14,BaseBall,23,68
2025-03-26 오전 10:29:16,Steal ball,21,69
2025-03-26 오전 10:29:19,BaseBall,24,70
2025-03-26 오전 10:29:25,30,1,1
2025-03-26 오전 10:29:27,10,1,2
2025-03-26 오전 10:29:29,50,1,3
2025-03-26 오전 10:29:31,100,1,4
2025-03-26 오전 10:29:32,0,1,5
2025-03-26 오전 10:29:34,100,2,6
2025-03-26 오전 10:29:35,50,2,7
2025-03-26 오전 10:29:37,30,2,8
2025-03-26 오전 10:29:39,100,3,9
2025-03-26 오전 10:29:41,30,3,10
2025-03-26 오전 10:29:43,50,3,11
2025-03-26 오전 10:29:44,30,4,12
2025-03-26 오전 10:29:50,30,1,1
2025-03-26 오전 10:29:52,30,2,2
2025-03-26 오전 10:29:54,100,1,3
2025-03-26 오전 10:29:57,100,2,4
2025-03-26 오전 10:30:00,100,3,5
2025-03-26 오전 10:30:02,30,3,6
2025-03-26 오전 10:30:03,30,4,7
2025-03-26 오전 10:30:06,30,5,8
2025-03-26 오전 10:30:07,10,1,9
2025-03-26 오전 10:30:08,10,2,10
2025-03-26 오전 10:30:08,10,3,11
2025-03-26 오전 10:30:10,10,4,12
2025-03-26 오전 10:30:12,10,5,13
2025-03-26 오전 10:30:14,0,1,14
2025-03-26 오전 10:30:16,10,6,15
2025-03-26 오전 10:30:18,50,1,16
2025-03-26 오전 10:30:20,50,2,17
2025-03-26 오전 10:30:20,50,3,18
2025-03-26 오전 10:30:24,50,4,19
2025-03-26 오전 10:30:26,100,4,20
2025-03-26 오전 10:30:30,100,5,21
2025-03-26 오전 10:30:32,100,6,22
2025-03-26 오전 10:30:33,100,7,23
2025-03-26 오전 10:30:34,50,5,24
2025-03-26 오전 10:30:34,50,6,25
2025-03-26 오전 10:30:37,30,6,26
2025-03-26 오전 10:30:38,30,7,27
2025-03-26 오전 10:30:41,50,7,28
2025-03-26 오전 10:30:41,50,8,29
2025-03-26 오전 10:30:42,100,8,30
2025-03-26 오전 10:30:44,100,9,31
2025-03-26 오전 10:30:50,10,1,1
2025-03-26 오전 10:30:51,10,2,2
2025-03-26 오전 10:30:54,10,3,3
2025-03-26 오전 10:30:57,30,1,4
2025-03-26 오전 10:30:57,30,2,5
2025-03-26 오전 10:31:00,100,1,6
2025-03-26 오전 10:31:01,100,2,7
2025-03-26 오전 10:31:02,100,3,8
2025-03-26 오전 10:31:03,50,1,9
2025-03-26 오전 10:31:03,50,2,10
2025-03-26 오전 10:31:05,50,3,11
2025-03-26 오전 10:31:06,50,4,12
2025-03-26 오전 10:31:08,50,5,13
2025-03-26 오전 10:31:10,10,4,14
2025-03-26 오전 10:31:12,10,5,15
2025-03-26 오전 10:31:15,0,1,16
2025-03-26 오전 10:31:17,10,6,17
2025-03-26 오전 10:31:19,50,6,18
2025-03-26 오전 10:31:21,10,7,19
2025-03-26 오전 10:31:22,30,3,20
2025-03-26 오전 10:31:26,100,4,21
2025-03-26 오전 10:31:26,100,5,22
2025-03-26 오전 10:31:29,50,7,23
2025-03-26 오전 10:31:30,50,8,24
2025-03-26 오전 10:31:32,100,6,25
2025-03-26 오전 10:31:34,100,7,26
2025-03-26 오전 10:31:35,50,9,27
2025-03-26 오전 10:31:37,100,8,28
2025-03-26 오전 10:31:40,50,10,29
2025-03-26 오전 10:31:42,100,9,30
2025-03-26 오전 10:31:44,30,4,31
2025-03-26 오전 10:31:45,30,5,32
2025-03-26 오전 10:31:46,30,6,33
2025-03-26 오전 10:31:48,30,7,34
2025-03-26 오전 10:31:49,30,8,35
2025-03-26 오전 10:31:52,50,11,36
2025-03-26 오전 10:31:53,50,12,37
2025-03-26 오전 10:31:59,Steal ball,1,1
2025-03-26 오전 10:32:02,Fur ball,1,2
2025-03-26 오전 10:32:02,Fur ball,2,3
2025-03-26 오전 10:32:05,bouncy ball,1,4
2025-03-26 오전 10:32:07,Sponge ball,1,5
2025-03-26 오전 10:32:10,Sponge ball,2,6
2025-03-26 오전 10:32:11,Fur ball,3,7
2025-03-26 오전 10:32:14,Sponge ball,3,8
2025-03-26 오전 10:32:16,BaseBall,1,9
2025-03-26 오전 10:32:17,bouncy ball,2,10
2025-03-26 오전 10:32:19,BaseBall,2,11
2025-03-26 오전 10:32:20,bouncy ball,3,12
2025-03-26 오전 10:32:21,BaseBall,3,13
2025-03-26 오전 10:32:24,Steal ball,2,14
2025-03-26 오전 10:32:30,Sponge ball,1,1
2025-03-26 오전 10:32:33,Fur ball,1,2
2025-03-26 오전 10:32:35,Sponge ball,2,3
2025-03-26 오전 10:32:37,bouncy ball,1,4
2025-03-26 오전 10:32:38,Steal ball,1,5
2025-03-26 오전 10:32:41,BaseBall,1,6
2025-03-26 오전 10:32:43,BaseBall,2,7
2025-03-26 오전 10:32:43,BaseBall,3,8
2025-03-26 오전 10:32:44,Steal ball,2,9
2025-03-26 오전 10:32:46,Steal ball,3,10
2025-03-26 오전 10:32:48,BaseBall,4,11
2025-03-26 오전 10:32:53,Steal ball,4,12
2025-03-26 오전 10:32:55,BaseBall,5,13
2025-03-26 오전 10:32:58,Steal ball,5,14
2025-03-26 오전 10:33:01,BaseBall,6,15
2025-03-26 오전 10:33:03,bouncy ball,2,16
2025-03-26 오전 10:33:06,bouncy ball,3,17
2025-03-26 오전 10:33:08,Steal ball,6,18
2025-03-26 오전 10:33:12,bouncy ball,4,19
2025-03-26 오전 10:33:16,Steal ball,7,20
2025-03-26 오전 10:33:17,Steal ball,8,21
2025-03-26 오전 10:33:17,Steal ball,9,22
2025-03-26 오전 10:33:19,Steal ball,10,23
2025-03-26 오전 10:33:20,bouncy ball,5,24
2025-03-26 오전 10:33:20,bouncy ball,6,25
2025-03-26 오전 10:33:22,Steal ball,11,26
2025-03-26 오전 10:33:22,Steal ball,12,27
2025-03-26 오전 10:33:29,0,1,1
2025-03-26 오전 10:33:29,0,2,2
2025-03-26 오전 10:33:30,0,3,3
2025-03-26 오전 10:33:32,50,1,4
2025-03-26 오전 10:33:33,10,1,5
2025-03-26 오전 10:33:34,10,2,6
2025-03-26 오전 10:33:35,10,3,7
2025-03-26 오전 10:33:37,30,1,8
2025-03-26 오전 10:33:40,100,1,9
2025-03-26 오전 10:33:41,100,2,10
2025-03-26 오전 10:33:43,50,2,11
2025-03-26 오전 10:33:43,50,3,12
2025-03-26 오전 10:33:44,50,4,13
2025-03-26 오전 10:33:45,50,5,14
2025-03-26 오전 10:33:45,50,6,15
2025-03-26 오전 10:33:46,50,7,16
2025-03-26 오전 10:33:47,100,3,17
2025-03-26 오전 10:33:47,100,4,18
2025-03-26 오전 10:33:49,50,8,19
2025-03-26 오전 10:33:50,50,9,20
2025-03-26 오전 10:33:51,10,4,21
2025-03-26 오전 10:33:53,30,2,22
2025-03-26 오전 10:33:54,30,3,23
2025-03-26 오전 10:33:55,30,4,24
2025-03-26 오전 10:33:57,10,5,25
2025-03-26 오전 10:33:57,10,6,26
2025-03-26 오전 10:33:58,10,7,27
2025-03-26 오전 10:33:59,10,8,28
2025-03-26 오전 10:34:00,10,9,29
2025-03-26 오전 10:34:00,10,10,30
2025-03-26 오전 10:34:01,30,5,31
2025-03-26 오전 10:34:02,30,6,32
