2025-04-01 오후 2:25:45,50,1,1
2025-04-01 오후 2:25:49,10,1,2
2025-04-01 오후 2:25:49,10,2,3
2025-04-01 오후 2:25:52,0,1,4
2025-04-01 오후 2:25:56,100,1,5
2025-04-01 오후 2:26:00,50,2,6
2025-04-01 오후 2:26:03,100,2,7
2025-04-01 오후 2:26:04,100,3,8
2025-04-01 오후 2:26:06,10,3,9
2025-04-01 오후 2:26:08,10,4,10
2025-04-01 오후 2:26:12,30,1,11
2025-04-01 오후 2:26:13,30,2,12
2025-04-01 오후 2:26:18,50,3,13
2025-04-01 오후 2:26:21,10,5,14
2025-04-01 오후 2:26:24,30,3,15
2025-04-01 오후 2:26:28,30,4,16
2025-04-01 오후 2:26:31,100,4,17
2025-04-01 오후 2:26:33,50,4,18
2025-04-01 오후 2:26:37,50,5,19
2025-04-01 오후 2:26:40,100,5,20
2025-04-01 오후 2:26:41,100,6,21
2025-04-01 오후 2:26:49,10,6,22
2025-04-01 오후 2:26:55,50,6,23
2025-04-01 오후 2:26:58,10,7,24
2025-04-01 오후 2:27:21,Fur ball,1,1
2025-04-01 오후 2:27:22,Fur ball,2,2
2025-04-01 오후 2:27:27,Steal ball,1,3
2025-04-01 오후 2:27:32,bouncy ball,1,4
2025-04-01 오후 2:27:35,BaseBall,1,5
2025-04-01 오후 2:27:39,Steal ball,2,6
2025-04-01 오후 2:27:41,BaseBall,2,7
2025-04-01 오후 2:27:43,Sponge ball,1,8
2025-04-01 오후 2:27:46,Sponge ball,2,9
2025-04-01 오후 2:27:49,bouncy ball,2,10
2025-04-01 오후 2:27:51,Sponge ball,3,11
2025-04-01 오후 2:28:04,Sponge ball,1,1
2025-04-01 오후 2:28:05,Sponge ball,2,2
2025-04-01 오후 2:28:07,Sponge ball,3,3
2025-04-01 오후 2:28:10,Fur ball,1,4
2025-04-01 오후 2:28:14,BaseBall,1,5
2025-04-01 오후 2:28:17,bouncy ball,1,6
2025-04-01 오후 2:28:20,BaseBall,2,7
2025-04-01 오후 2:28:23,Steal ball,1,8
2025-04-01 오후 2:28:24,Steal ball,2,9
2025-04-01 오후 2:28:26,Steal ball,3,10
2025-04-01 오후 2:28:33,bouncy ball,2,11
2025-04-01 오후 2:28:38,Sponge ball,4,12
2025-04-01 오후 2:28:40,BaseBall,3,13
2025-04-01 오후 2:28:51,0,1,1
2025-04-01 오후 2:28:57,100,1,2
2025-04-01 오후 2:28:59,30,1,3
2025-04-01 오후 2:29:01,10,1,4
2025-04-01 오후 2:29:05,100,2,5
2025-04-01 오후 2:29:08,30,2,6
2025-04-01 오후 2:29:11,30,3,7
2025-04-01 오후 2:29:13,10,2,8
2025-04-01 오후 2:29:17,100,3,9
2025-04-01 오후 2:29:21,50,1,10
2025-04-01 오후 2:29:24,50,2,11
2025-04-01 오후 2:29:31,100,4,12
2025-04-01 오후 2:29:45,bouncy ball,1,1
2025-04-01 오후 2:29:48,Sponge ball,1,2
2025-04-01 오후 2:29:51,BaseBall,1,3
2025-04-01 오후 2:29:53,Steal ball,1,4
2025-04-01 오후 2:29:54,Steal ball,2,5
2025-04-01 오후 2:29:55,Steal ball,3,6
2025-04-01 오후 2:29:59,BaseBall,2,7
2025-04-01 오후 2:30:04,Fur ball,1,8
2025-04-01 오후 2:30:08,Sponge ball,2,9
2025-04-01 오후 2:30:10,Sponge ball,3,10
2025-04-01 오후 2:30:15,bouncy ball,2,11
2025-04-01 오후 2:30:19,bouncy ball,3,12
2025-04-01 오후 2:30:22,bouncy ball,4,13
2025-04-01 오후 2:30:26,Sponge ball,4,14
2025-04-01 오후 2:30:28,bouncy ball,5,15
2025-04-01 오후 2:30:29,bouncy ball,6,16
2025-04-01 오후 2:30:39,50,1,1
2025-04-01 오후 2:30:42,0,1,2
2025-04-01 오후 2:30:46,50,2,3
2025-04-01 오후 2:30:51,30,1,4
2025-04-01 오후 2:30:54,100,1,5
2025-04-01 오후 2:30:57,100,2,6
2025-04-01 오후 2:31:02,10,1,7
2025-04-01 오후 2:31:03,10,2,8
2025-04-01 오후 2:31:08,100,3,9
2025-04-01 오후 2:31:09,100,4,10
2025-04-01 오후 2:31:12,50,3,11
2025-04-01 오후 2:31:21,30,1,1
2025-04-01 오후 2:31:23,30,2,2
2025-04-01 오후 2:31:28,0,1,3
2025-04-01 오후 2:31:31,10,1,4
2025-04-01 오후 2:31:34,10,2,5
2025-04-01 오후 2:31:37,50,1,6
2025-04-01 오후 2:31:40,50,2,7
2025-04-01 오후 2:31:43,100,1,8
2025-04-01 오후 2:31:45,100,2,9
2025-04-01 오후 2:31:48,30,3,10
2025-04-01 오후 2:31:50,30,4,11
2025-04-01 오후 2:31:53,100,3,12
2025-04-01 오후 2:32:04,Fur ball,1,1
2025-04-01 오후 2:32:07,Sponge ball,1,2
2025-04-01 오후 2:32:09,bouncy ball,1,3
2025-04-01 오후 2:32:13,Steal ball,1,4
2025-04-01 오후 2:32:15,Steal ball,2,5
2025-04-01 오후 2:32:21,BaseBall,1,6
2025-04-01 오후 2:32:26,bouncy ball,2,7
2025-04-01 오후 2:32:31,Sponge ball,2,8
2025-04-01 오후 2:32:33,bouncy ball,3,9
2025-04-01 오후 2:32:35,bouncy ball,4,10
2025-04-01 오후 2:32:38,Sponge ball,3,11
2025-04-01 오후 2:32:39,Sponge ball,4,12
2025-04-01 오후 2:32:44,Steal ball,3,13
2025-04-01 오후 2:32:48,BaseBall,2,14
2025-04-01 오후 2:32:49,BaseBall,3,15
2025-04-01 오후 2:32:57,Fur ball,1,1
2025-04-01 오후 2:33:03,BaseBall,1,2
2025-04-01 오후 2:33:07,Steal ball,1,3
2025-04-01 오후 2:33:10,bouncy ball,1,4
2025-04-01 오후 2:33:11,bouncy ball,2,5
2025-04-01 오후 2:33:14,BaseBall,2,6
2025-04-01 오후 2:33:16,Steal ball,2,7
2025-04-01 오후 2:33:18,Steal ball,3,8
2025-04-01 오후 2:33:21,Sponge ball,1,9
2025-04-01 오후 2:33:23,bouncy ball,3,10
2025-04-01 오후 2:33:25,BaseBall,3,11
2025-04-01 오후 2:33:34,100,1,1
2025-04-01 오후 2:33:37,50,1,2
2025-04-01 오후 2:33:38,0,1,3
2025-04-01 오후 2:33:42,30,1,4
2025-04-01 오후 2:33:44,30,2,5
2025-04-01 오후 2:33:49,50,2,6
2025-04-01 오후 2:33:54,10,1,7
2025-04-01 오후 2:33:58,100,2,8
2025-04-01 오후 2:33:59,100,3,9
2025-04-01 오후 2:34:01,100,4,10
2025-04-01 오후 2:34:05,30,3,11
