2025-05-27 오후 3:03:57,bouncy ball,1,1,1,Confusion
2025-05-27 오후 3:03:59,bouncy ball,2,2,1,Confusion
2025-05-27 오후 3:04:01,bouncy ball,3,3,1,Confusion
2025-05-27 오후 3:04:07,Sponge ball,1,4,0.5,Confusion
2025-05-27 오후 3:04:10,BaseBall,1,5,0.3,Confusion
2025-05-27 오후 3:04:13,bouncy ball,4,6,1,Confusion
2025-05-27 오후 3:04:17,bouncy ball,5,7,1,Confusion
2025-05-27 오후 3:04:20,Sponge ball,2,8,0.5,Confusion
2025-05-27 오후 3:04:24,bouncy ball,6,9,1,Confusion
2025-05-27 오후 3:04:27,Sponge ball,3,10,0.5,Confusion
2025-05-27 오후 3:04:28,Sponge ball,4,11,0.5,Confusion
2025-05-27 오후 3:04:29,Sponge ball,5,12,0.5,Confusion
2025-05-27 오후 3:04:31,Sponge ball,6,13,0.5,Confusion
2025-05-27 오후 3:04:31,Sponge ball,7,14,0.5,Confusion
2025-05-27 오후 3:04:33,bouncy ball,7,15,1,Confusion
2025-05-27 오후 3:04:35,Sponge ball,8,16,0.5,Confusion
2025-05-27 오후 3:04:39,bouncy ball,8,17,1,Confusion
2025-05-27 오후 3:04:39,bouncy ball,9,18,1,Confusion
2025-05-27 오후 3:04:41,Sponge ball,9,19,0.5,Confusion
2025-05-27 오후 3:04:43,Sponge ball,10,20,0.5,Confusion
2025-05-27 오후 3:04:45,bouncy ball,10,21,1,Confusion
2025-05-27 오후 3:04:47,Sponge ball,11,22,0.5,Confusion
2025-05-27 오후 3:04:47,Sponge ball,12,23,0.5,Confusion
2025-05-27 오후 3:04:48,Sponge ball,13,24,0.5,Confusion
2025-05-27 오후 3:04:49,Sponge ball,14,25,0.5,Confusion
2025-05-27 오후 3:04:52,bouncy ball,11,26,1,Confusion
2025-05-27 오후 3:04:53,bouncy ball,12,27,1,Confusion
2025-05-27 오후 3:04:53,bouncy ball,13,28,1,Confusion
2025-05-27 오후 3:04:55,Sponge ball,15,29,0.5,Confusion
2025-05-27 오후 3:04:57,Sponge ball,16,30,0.5,Confusion
2025-05-27 오후 3:04:59,bouncy ball,14,31,1,Confusion
2025-05-27 오후 3:05:02,BaseBall,2,32,0.3,Confusion
2025-05-27 오후 3:05:03,BaseBall,3,33,0.3,Confusion
2025-05-27 오후 3:05:06,BaseBall,4,34,0.3,Confusion
2025-05-27 오후 3:05:07,BaseBall,5,35,0.3,Confusion
2025-05-27 오후 3:05:09,Sponge ball,17,36,0.5,Confusion
2025-05-27 오후 3:05:12,bouncy ball,15,37,1,Confusion
2025-05-27 오후 3:05:15,BaseBall,6,38,0.3,Confusion
2025-05-27 오후 3:05:15,BaseBall,7,39,0.3,Confusion
2025-05-27 오후 3:05:16,BaseBall,8,40,0.3,Confusion
2025-05-27 오후 3:05:17,BaseBall,9,41,0.3,Confusion
2025-05-27 오후 3:05:18,bouncy ball,16,42,1,Confusion
2025-05-27 오후 3:05:19,bouncy ball,17,43,1,Confusion
2025-05-27 오후 3:05:22,bouncy ball,18,44,1,Confusion
2025-05-27 오후 3:05:24,BaseBall,10,45,0.3,Confusion
2025-05-27 오후 3:05:25,BaseBall,11,46,0.3,Confusion
2025-05-27 오후 3:05:26,BaseBall,12,47,0.3,Confusion
2025-05-27 오후 3:05:26,BaseBall,13,48,0.3,Confusion
2025-05-27 오후 3:05:27,BaseBall,14,49,0.3,Confusion
2025-05-27 오후 3:05:27,BaseBall,15,50,0.3,Confusion
2025-05-27 오후 3:05:28,BaseBall,16,51,0.3,Confusion
2025-05-27 오후 3:05:28,BaseBall,17,52,0.3,Confusion
2025-05-27 오후 3:05:28,BaseBall,18,53,0.3,Confusion
2025-05-27 오후 3:05:32,Fur ball,1,54,0.1,Confusion
2025-05-27 오후 3:05:32,Fur ball,2,55,0.1,Confusion
2025-05-27 오후 3:05:35,Fur ball,3,56,0.1,Confusion
2025-05-27 오후 3:05:38,Steal ball,1,57,0,Confusion
2025-05-27 오후 3:05:38,Steal ball,2,58,0,Confusion
2025-05-27 오후 3:05:39,Steal ball,3,59,0,Confusion
2025-05-27 오후 3:05:40,Steal ball,4,60,0,Confusion
2025-05-27 오후 3:05:44,Fur ball,4,61,0.1,Confusion
2025-05-27 오후 3:05:44,Fur ball,5,62,0.1,Confusion
2025-05-27 오후 3:05:45,Fur ball,6,63,0.1,Confusion
2025-05-27 오후 3:05:46,Fur ball,7,64,0.1,Confusion
2025-05-27 오후 3:05:47,Fur ball,8,65,0.1,Confusion
2025-05-27 오후 3:05:47,Fur ball,9,66,0.1,Confusion
2025-05-27 오후 3:05:49,BaseBall,19,67,0.3,Confusion
2025-05-27 오후 3:05:51,bouncy ball,19,68,1,Confusion
2025-05-27 오후 3:05:54,Sponge ball,18,69,0.5,Confusion
2025-05-27 오후 3:05:56,Fur ball,10,70,0.1,Confusion
2025-05-27 오후 3:05:56,Fur ball,11,71,0.1,Confusion
2025-05-27 오후 3:05:57,Fur ball,12,72,0.1,Confusion
2025-05-27 오후 3:05:58,Fur ball,13,73,0.1,Confusion
2025-05-27 오후 3:05:58,Fur ball,14,74,0.1,Confusion
2025-05-27 오후 3:06:03,Steal ball,5,75,0,Confusion
2025-05-27 오후 3:06:03,Steal ball,6,76,0,Confusion
2025-05-27 오후 3:06:05,Sponge ball,19,77,0.5,Confusion
2025-05-27 오후 3:06:06,bouncy ball,20,78,1,Confusion
2025-05-27 오후 3:06:07,Sponge ball,20,79,0.5,Confusion
2025-05-27 오후 3:06:09,bouncy ball,21,80,1,Confusion
2025-05-27 오후 3:06:09,bouncy ball,22,81,1,Confusion
2025-05-27 오후 3:06:10,BaseBall,20,82,0.3,Confusion
2025-05-27 오후 3:06:58,Fur ball,15,83,0.1,Confusion
2025-05-27 오후 3:06:58,Fur ball,16,84,0.1,Confusion
2025-05-27 오후 3:07:00,Fur ball,17,85,0.1,Confusion
2025-05-27 오후 3:07:01,Fur ball,18,86,0.1,Confusion
2025-05-27 오후 3:07:03,Fur ball,19,87,0.1,Confusion
2025-05-27 오후 3:07:12,Sponge ball,21,88,0.5,Confusion
2025-05-27 오후 3:07:12,Sponge ball,22,89,0.5,Confusion
2025-05-27 오후 3:07:12,Sponge ball,23,90,0.5,Confusion
2025-05-27 오후 3:07:13,Sponge ball,24,91,0.5,Confusion
2025-05-27 오후 3:07:18,bouncy ball,23,92,1,Confusion
2025-05-27 오후 3:07:19,bouncy ball,24,93,1,Confusion
2025-05-27 오후 3:07:26,BaseBall,21,94,0.3,Confusion
2025-05-27 오후 3:07:26,BaseBall,22,95,0.3,Confusion
2025-05-27 오후 3:07:26,BaseBall,23,96,0.3,Confusion
2025-05-27 오후 3:07:28,BaseBall,24,97,0.3,Confusion
2025-05-27 오후 3:07:29,BaseBall,25,98,0.3,Confusion
2025-05-27 오후 3:07:55,Fur ball,1,1,0,Material
2025-05-27 오후 3:07:55,Fur ball,2,2,0,Material
2025-05-27 오후 3:07:56,Fur ball,3,3,0,Material
2025-05-27 오후 3:07:56,Fur ball,4,4,0,Material
2025-05-27 오후 3:08:00,Steal ball,1,5,1,Material
2025-05-27 오후 3:08:04,Steal ball,2,6,1,Material
2025-05-27 오후 3:08:05,Steal ball,3,7,1,Material
2025-05-27 오후 3:08:06,Steal ball,4,8,1,Material
2025-05-27 오후 3:08:07,Fur ball,5,9,0,Material
2025-05-27 오후 3:08:08,Fur ball,6,10,0,Material
2025-05-27 오후 3:08:09,bouncy ball,1,11,0.3,Material
2025-05-27 오후 3:08:12,bouncy ball,2,12,0.3,Material
2025-05-27 오후 3:08:12,bouncy ball,3,13,0.3,Material
2025-05-27 오후 3:08:13,bouncy ball,4,14,0.3,Material
2025-05-27 오후 3:08:13,bouncy ball,5,15,0.3,Material
2025-05-27 오후 3:08:14,bouncy ball,6,16,0.3,Material
2025-05-27 오후 3:08:14,bouncy ball,7,17,0.3,Material
2025-05-27 오후 3:08:19,BaseBall,1,18,0.5,Material
2025-05-27 오후 3:08:20,BaseBall,2,19,0.5,Material
2025-05-27 오후 3:08:21,BaseBall,3,20,0.5,Material
2025-05-27 오후 3:08:25,Fur ball,7,21,0,Material
2025-05-27 오후 3:08:27,Sponge ball,1,22,0.1,Material
2025-05-27 오후 3:08:29,Sponge ball,2,23,0.1,Material
2025-05-27 오후 3:08:30,Sponge ball,3,24,0.1,Material
2025-05-27 오후 3:08:30,Sponge ball,4,25,0.1,Material
2025-05-27 오후 3:08:31,Sponge ball,5,26,0.1,Material
2025-05-27 오후 3:08:32,Fur ball,8,27,0,Material
2025-05-27 오후 3:08:33,Fur ball,9,28,0,Material
2025-05-27 오후 3:08:35,Sponge ball,6,29,0.1,Material
2025-05-27 오후 3:08:36,Sponge ball,7,30,0.1,Material
2025-05-27 오후 3:08:39,BaseBall,4,31,0.5,Material
2025-05-27 오후 3:08:40,BaseBall,5,32,0.5,Material
2025-05-27 오후 3:08:42,Sponge ball,8,33,0.1,Material
2025-05-27 오후 3:08:43,Sponge ball,9,34,0.1,Material
2025-05-27 오후 3:08:45,BaseBall,6,35,0.5,Material
2025-05-27 오후 3:08:47,BaseBall,7,36,0.5,Material
2025-05-27 오후 3:08:48,Sponge ball,10,37,0.1,Material
2025-05-27 오후 3:08:49,Steal ball,5,38,1,Material
2025-05-27 오후 3:08:50,Steal ball,6,39,1,Material
2025-05-27 오후 3:08:52,Sponge ball,11,40,0.1,Material
2025-05-27 오후 3:08:53,Sponge ball,12,41,0.1,Material
2025-05-27 오후 3:08:54,Steal ball,7,42,1,Material
2025-05-27 오후 3:08:55,Steal ball,8,43,1,Material
2025-05-27 오후 3:08:57,Sponge ball,13,44,0.1,Material
2025-05-27 오후 3:09:00,Steal ball,9,45,1,Material
2025-05-27 오후 3:09:03,BaseBall,8,46,0.5,Material
2025-05-27 오후 3:09:04,BaseBall,9,47,0.5,Material
2025-05-27 오후 3:09:04,BaseBall,10,48,0.5,Material
2025-05-27 오후 3:09:04,BaseBall,11,49,0.5,Material
2025-05-27 오후 3:09:05,BaseBall,12,50,0.5,Material
2025-05-27 오후 3:09:06,BaseBall,13,51,0.5,Material
2025-05-27 오후 3:09:06,BaseBall,14,52,0.5,Material
2025-05-27 오후 3:09:09,Steal ball,10,53,1,Material
2025-05-27 오후 3:09:10,Steal ball,11,54,1,Material
2025-05-27 오후 3:09:10,Steal ball,12,55,1,Material
2025-05-27 오후 3:09:11,Steal ball,13,56,1,Material
2025-05-27 오후 3:09:12,Sponge ball,14,57,0.1,Material
2025-05-27 오후 3:09:13,Sponge ball,15,58,0.1,Material
2025-05-27 오후 3:09:14,Steal ball,14,59,1,Material
2025-05-27 오후 3:09:14,Steal ball,15,60,1,Material
2025-05-27 오후 3:09:15,Steal ball,16,61,1,Material
2025-05-27 오후 3:09:15,Steal ball,17,62,1,Material
2025-05-27 오후 3:09:17,Sponge ball,16,63,0.1,Material
2025-05-27 오후 3:09:20,BaseBall,15,64,0.5,Material
2025-05-27 오후 3:09:21,BaseBall,16,65,0.5,Material
2025-05-27 오후 3:09:22,Steal ball,18,66,1,Material
2025-05-27 오후 3:09:23,Steal ball,19,67,1,Material
2025-05-27 오후 3:09:24,Steal ball,20,68,1,Material
2025-05-27 오후 3:09:24,Steal ball,21,69,1,Material
2025-05-27 오후 3:09:24,Steal ball,22,70,1,Material
2025-05-27 오후 3:09:25,BaseBall,17,71,0.5,Material
2025-05-27 오후 3:09:25,BaseBall,18,72,0.5,Material
2025-05-27 오후 3:09:26,BaseBall,19,73,0.5,Material
2025-05-27 오후 3:09:26,BaseBall,20,74,0.5,Material
2025-05-27 오후 3:09:27,BaseBall,21,75,0.5,Material
2025-05-27 오후 3:09:27,BaseBall,22,76,0.5,Material
2025-05-27 오후 3:09:28,BaseBall,23,77,0.5,Material
2025-05-27 오후 3:09:29,Steal ball,23,78,1,Material
2025-05-27 오후 3:09:29,Steal ball,24,79,1,Material
2025-05-27 오후 3:09:30,Steal ball,25,80,1,Material
2025-05-27 오후 3:09:30,Steal ball,26,81,1,Material
2025-05-27 오후 3:09:32,BaseBall,24,82,0.5,Material
2025-05-27 오후 3:09:35,bouncy ball,8,83,0.3,Material
2025-05-27 오후 3:09:36,bouncy ball,9,84,0.3,Material
2025-05-27 오후 3:09:39,Sponge ball,17,85,0.1,Material
2025-05-27 오후 3:09:40,Sponge ball,18,86,0.1,Material
2025-05-27 오후 3:09:41,BaseBall,25,87,0.5,Material
2025-05-27 오후 3:09:42,BaseBall,26,88,0.5,Material
2025-05-27 오후 3:09:42,BaseBall,27,89,0.5,Material
2025-05-27 오후 3:09:43,BaseBall,28,90,0.5,Material
2025-05-27 오후 3:09:44,BaseBall,29,91,0.5,Material
2025-05-27 오후 3:09:45,Sponge ball,19,92,0.1,Material
2025-05-27 오후 3:09:45,Sponge ball,20,93,0.1,Material
2025-05-27 오후 3:09:46,Sponge ball,21,94,0.1,Material
2025-05-27 오후 3:09:46,Sponge ball,22,95,0.1,Material
2025-05-27 오후 3:09:47,Sponge ball,23,96,0.1,Material
2025-05-27 오후 3:09:47,Sponge ball,24,97,0.1,Material
2025-05-27 오후 3:09:48,BaseBall,30,98,0.5,Material
2025-05-27 오후 3:09:53,Steal ball,27,99,1,Material
2025-05-27 오후 3:09:54,Steal ball,28,100,1,Material
2025-05-27 오후 3:09:57,bouncy ball,10,101,0.3,Material
2025-05-27 오후 3:09:59,bouncy ball,11,102,0.3,Material
2025-05-27 오후 3:10:01,Steal ball,29,103,1,Material
2025-05-27 오후 3:10:06,BaseBall,31,104,0.5,Material
2025-05-27 오후 3:10:07,BaseBall,32,105,0.5,Material
2025-05-27 오후 3:10:09,BaseBall,33,106,0.5,Material
2025-05-27 오후 3:10:09,BaseBall,34,107,0.5,Material
2025-05-27 오후 3:10:10,BaseBall,35,108,0.5,Material
2025-05-27 오후 3:10:31,Fur ball,10,109,0,Material
2025-05-27 오후 3:10:39,Sponge ball,25,110,0.1,Material
2025-05-27 오후 3:10:40,Sponge ball,26,111,0.1,Material
2025-05-27 오후 3:10:45,BaseBall,36,112,0.5,Material
2025-05-27 오후 3:10:46,BaseBall,37,113,0.5,Material
2025-05-27 오후 3:10:46,BaseBall,38,114,0.5,Material
2025-05-27 오후 3:10:49,BaseBall,39,115,0.5,Material
2025-05-27 오후 3:10:49,BaseBall,40,116,0.5,Material
2025-05-27 오후 3:10:50,BaseBall,41,117,0.5,Material
2025-05-27 오후 3:10:50,BaseBall,42,118,0.5,Material
2025-05-27 오후 3:10:57,bouncy ball,12,119,0.3,Material
2025-05-27 오후 3:10:59,bouncy ball,13,120,0.3,Material
2025-05-27 오후 3:11:00,bouncy ball,14,121,0.3,Material
2025-05-27 오후 3:11:01,bouncy ball,15,122,0.3,Material
2025-05-27 오후 3:11:01,bouncy ball,16,123,0.3,Material
2025-05-27 오후 3:11:02,bouncy ball,17,124,0.3,Material
2025-05-27 오후 3:11:03,bouncy ball,18,125,0.3,Material
2025-05-27 오후 3:11:04,bouncy ball,19,126,0.3,Material
2025-05-27 오후 3:11:04,bouncy ball,20,127,0.3,Material
2025-05-27 오후 3:11:06,Steal ball,30,128,1,Material
2025-05-27 오후 3:11:06,Steal ball,31,129,1,Material
2025-05-27 오후 3:11:07,Steal ball,32,130,1,Material
2025-05-27 오후 3:11:08,Steal ball,33,131,1,Material
2025-05-27 오후 3:11:08,Steal ball,34,132,1,Material
2025-05-27 오후 3:11:21,0,1,1,0,NoMaterial
2025-05-27 오후 3:11:25,0,2,2,0,NoMaterial
2025-05-27 오후 3:11:32,10,1,3,0.1,NoMaterial
2025-05-27 오후 3:11:34,0,3,4,0,NoMaterial
2025-05-27 오후 3:11:35,0,4,5,0,NoMaterial
2025-05-27 오후 3:11:40,10,2,6,0.1,NoMaterial
2025-05-27 오후 3:11:42,10,3,7,0.1,NoMaterial
2025-05-27 오후 3:11:45,0,5,8,0,NoMaterial
2025-05-27 오후 3:11:48,100,1,9,1,NoMaterial
2025-05-27 오후 3:11:50,10,4,10,0.1,NoMaterial
2025-05-27 오후 3:11:50,10,5,11,0.1,NoMaterial
2025-05-27 오후 3:11:53,50,1,12,0.5,NoMaterial
2025-05-27 오후 3:11:55,50,2,13,0.5,NoMaterial
2025-05-27 오후 3:11:57,50,3,14,0.5,NoMaterial
2025-05-27 오후 3:12:01,30,1,15,0.3,NoMaterial
2025-05-27 오후 3:12:02,30,2,16,0.3,NoMaterial
2025-05-27 오후 3:12:03,30,3,17,0.3,NoMaterial
2025-05-27 오후 3:12:08,10,6,18,0.1,NoMaterial
2025-05-27 오후 3:12:08,10,7,19,0.1,NoMaterial
2025-05-27 오후 3:12:09,10,8,20,0.1,NoMaterial
2025-05-27 오후 3:12:09,10,9,21,0.1,NoMaterial
2025-05-27 오후 3:12:10,10,10,22,0.1,NoMaterial
2025-05-27 오후 3:12:12,50,4,23,0.5,NoMaterial
2025-05-27 오후 3:12:13,50,5,24,0.5,NoMaterial
2025-05-27 오후 3:12:15,50,6,25,0.5,NoMaterial
2025-05-27 오후 3:12:17,10,11,26,0.1,NoMaterial
2025-05-27 오후 3:12:18,10,12,27,0.1,NoMaterial
2025-05-27 오후 3:12:18,10,13,28,0.1,NoMaterial
2025-05-27 오후 3:12:18,10,14,29,0.1,NoMaterial
2025-05-27 오후 3:12:19,10,15,30,0.1,NoMaterial
2025-05-27 오후 3:12:20,10,16,31,0.1,NoMaterial
2025-05-27 오후 3:12:20,10,17,32,0.1,NoMaterial
2025-05-27 오후 3:12:21,10,18,33,0.1,NoMaterial
2025-05-27 오후 3:12:21,10,19,34,0.1,NoMaterial
2025-05-27 오후 3:12:21,10,20,35,0.1,NoMaterial
2025-05-27 오후 3:12:26,10,21,36,0.1,NoMaterial
2025-05-27 오후 3:12:28,30,4,37,0.3,NoMaterial
2025-05-27 오후 3:12:31,50,7,38,0.5,NoMaterial
2025-05-27 오후 3:12:33,30,5,39,0.3,NoMaterial
2025-05-27 오후 3:12:34,30,6,40,0.3,NoMaterial
2025-05-27 오후 3:12:38,50,8,41,0.5,NoMaterial
2025-05-27 오후 3:12:39,50,9,42,0.5,NoMaterial
2025-05-27 오후 3:12:40,50,10,43,0.5,NoMaterial
2025-05-27 오후 3:12:40,50,11,44,0.5,NoMaterial
2025-05-27 오후 3:12:41,30,7,45,0.3,NoMaterial
2025-05-27 오후 3:12:41,30,8,46,0.3,NoMaterial
2025-05-27 오후 3:12:42,30,9,47,0.3,NoMaterial
2025-05-27 오후 3:12:43,10,22,48,0.1,NoMaterial
2025-05-27 오후 3:12:43,10,23,49,0.1,NoMaterial
2025-05-27 오후 3:12:45,10,24,50,0.1,NoMaterial
2025-05-27 오후 3:12:45,10,25,51,0.1,NoMaterial
2025-05-27 오후 3:12:47,10,26,52,0.1,NoMaterial
2025-05-27 오후 3:12:49,100,2,53,1,NoMaterial
2025-05-27 오후 3:12:49,100,3,54,1,NoMaterial
2025-05-27 오후 3:12:51,100,4,55,1,NoMaterial
2025-05-27 오후 3:12:52,100,5,56,1,NoMaterial
2025-05-27 오후 3:12:52,100,6,57,1,NoMaterial
2025-05-27 오후 3:12:53,100,7,58,1,NoMaterial
2025-05-27 오후 3:12:54,100,8,59,1,NoMaterial
2025-05-27 오후 3:12:55,100,9,60,1,NoMaterial
2025-05-27 오후 3:12:56,100,10,61,1,NoMaterial
2025-05-27 오후 3:12:59,10,27,62,0.1,NoMaterial
2025-05-27 오후 3:13:03,50,12,63,0.5,NoMaterial
2025-05-27 오후 3:13:03,50,13,64,0.5,NoMaterial
2025-05-27 오후 3:13:07,50,14,65,0.5,NoMaterial
2025-05-27 오후 3:13:07,50,15,66,0.5,NoMaterial
2025-05-27 오후 3:13:08,50,16,67,0.5,NoMaterial
2025-05-27 오후 3:13:08,50,17,68,0.5,NoMaterial
2025-05-27 오후 3:13:12,10,28,69,0.1,NoMaterial
2025-05-27 오후 3:13:12,10,29,70,0.1,NoMaterial
2025-05-27 오후 3:13:13,10,30,71,0.1,NoMaterial
2025-05-27 오후 3:13:15,10,31,72,0.1,NoMaterial
2025-05-27 오후 3:13:17,30,10,73,0.3,NoMaterial
2025-05-27 오후 3:13:17,30,11,74,0.3,NoMaterial
2025-05-27 오후 3:13:18,30,12,75,0.3,NoMaterial
2025-05-27 오후 3:13:18,30,13,76,0.3,NoMaterial
2025-05-27 오후 3:13:19,30,14,77,0.3,NoMaterial
2025-05-27 오후 3:13:19,30,15,78,0.3,NoMaterial
2025-05-27 오후 3:13:20,30,16,79,0.3,NoMaterial
2025-05-27 오후 3:13:23,10,32,80,0.1,NoMaterial
2025-05-27 오후 3:13:25,0,6,81,0,NoMaterial
2025-05-27 오후 3:13:27,100,11,82,1,NoMaterial
2025-05-27 오후 3:13:28,100,12,83,1,NoMaterial
2025-05-27 오후 3:13:28,100,13,84,1,NoMaterial
2025-05-27 오후 3:13:29,100,14,85,1,NoMaterial
2025-05-27 오후 3:13:29,100,15,86,1,NoMaterial
2025-05-27 오후 3:13:30,100,16,87,1,NoMaterial
2025-05-27 오후 3:13:30,100,17,88,1,NoMaterial
2025-05-27 오후 3:13:33,30,17,89,0.3,NoMaterial
2025-05-27 오후 3:13:33,30,18,90,0.3,NoMaterial
2025-05-27 오후 3:13:34,30,19,91,0.3,NoMaterial
2025-05-27 오후 3:13:35,30,20,92,0.3,NoMaterial
2025-05-27 오후 3:13:36,30,21,93,0.3,NoMaterial
2025-05-27 오후 3:13:37,30,22,94,0.3,NoMaterial
2025-05-27 오후 3:13:38,30,23,95,0.3,NoMaterial
2025-05-27 오후 3:13:39,100,18,96,1,NoMaterial
2025-05-27 오후 3:14:24,30,1,1,0.3,NoMaterial
2025-05-27 오후 3:14:25,30,2,2,0.3,NoMaterial
2025-05-27 오후 3:14:27,30,3,3,0.3,NoMaterial
2025-05-27 오후 3:14:28,30,4,4,0.3,NoMaterial
2025-05-27 오후 3:14:31,30,5,5,0.3,NoMaterial
2025-05-27 오후 3:14:32,30,6,6,0.3,NoMaterial
2025-05-27 오후 3:14:32,30,7,7,0.3,NoMaterial
2025-05-27 오후 3:14:33,30,8,8,0.3,NoMaterial
2025-05-27 오후 3:14:34,50,1,9,0.5,NoMaterial
2025-05-27 오후 3:14:35,50,2,10,0.5,NoMaterial
2025-05-27 오후 3:14:35,50,3,11,0.5,NoMaterial
2025-05-27 오후 3:14:35,50,4,12,0.5,NoMaterial
2025-05-27 오후 3:14:36,50,5,13,0.5,NoMaterial
2025-05-27 오후 3:14:36,50,6,14,0.5,NoMaterial
2025-05-27 오후 3:14:37,50,7,15,0.5,NoMaterial
2025-05-27 오후 3:14:38,30,9,16,0.3,NoMaterial
2025-05-27 오후 3:14:38,30,10,17,0.3,NoMaterial
2025-05-27 오후 3:14:39,30,11,18,0.3,NoMaterial
2025-05-27 오후 3:14:41,30,12,19,0.3,NoMaterial
2025-05-27 오후 3:14:41,30,13,20,0.3,NoMaterial
2025-05-27 오후 3:14:41,30,14,21,0.3,NoMaterial
2025-05-27 오후 3:14:42,30,15,22,0.3,NoMaterial
2025-05-27 오후 3:14:43,50,8,23,0.5,NoMaterial
2025-05-27 오후 3:14:43,50,9,24,0.5,NoMaterial
2025-05-27 오후 3:14:44,50,10,25,0.5,NoMaterial
2025-05-27 오후 3:14:45,0,1,26,0,NoMaterial
2025-05-27 오후 3:14:45,0,2,27,0,NoMaterial
2025-05-27 오후 3:14:45,0,3,28,0,NoMaterial
2025-05-27 오후 3:14:46,0,4,29,0,NoMaterial
2025-05-27 오후 3:14:49,0,5,30,0,NoMaterial
2025-05-27 오후 3:14:49,0,6,31,0,NoMaterial
2025-05-27 오후 3:14:50,0,7,32,0,NoMaterial
2025-05-27 오후 3:14:54,100,1,33,1,NoMaterial
2025-05-27 오후 3:14:56,10,1,34,0.1,NoMaterial
2025-05-27 오후 3:14:58,10,2,35,0.1,NoMaterial
2025-05-27 오후 3:14:59,10,3,36,0.1,NoMaterial
2025-05-27 오후 3:15:00,10,4,37,0.1,NoMaterial
2025-05-27 오후 3:15:01,10,5,38,0.1,NoMaterial
2025-05-27 오후 3:15:02,100,2,39,1,NoMaterial
2025-05-27 오후 3:15:03,50,11,40,0.5,NoMaterial
2025-05-27 오후 3:15:04,50,12,41,0.5,NoMaterial
2025-05-27 오후 3:15:05,50,13,42,0.5,NoMaterial
2025-05-27 오후 3:15:07,50,14,43,0.5,NoMaterial
2025-05-27 오후 3:15:09,30,16,44,0.3,NoMaterial
2025-05-27 오후 3:15:11,30,17,45,0.3,NoMaterial
2025-05-27 오후 3:15:12,30,18,46,0.3,NoMaterial
2025-05-27 오후 3:15:12,30,19,47,0.3,NoMaterial
2025-05-27 오후 3:15:12,30,20,48,0.3,NoMaterial
2025-05-27 오후 3:15:13,30,21,49,0.3,NoMaterial
2025-05-27 오후 3:15:13,30,22,50,0.3,NoMaterial
2025-05-27 오후 3:15:17,30,23,51,0.3,NoMaterial
2025-05-27 오후 3:15:17,30,24,52,0.3,NoMaterial
2025-05-27 오후 3:15:17,30,25,53,0.3,NoMaterial
2025-05-27 오후 3:15:18,30,26,54,0.3,NoMaterial
2025-05-27 오후 3:15:21,10,6,55,0.1,NoMaterial
2025-05-27 오후 3:15:21,10,7,56,0.1,NoMaterial
2025-05-27 오후 3:15:25,50,15,57,0.5,NoMaterial
2025-05-27 오후 3:15:28,50,16,58,0.5,NoMaterial
2025-05-27 오후 3:15:30,100,3,59,1,NoMaterial
2025-05-27 오후 3:15:34,50,17,60,0.5,NoMaterial
2025-05-27 오후 3:16:23,Sponge ball,1,1,0.1,Confusion
2025-05-27 오후 3:16:24,Sponge ball,2,2,0.1,Confusion
2025-05-27 오후 3:16:25,Sponge ball,3,3,0.1,Confusion
2025-05-27 오후 3:16:26,Sponge ball,4,4,0.1,Confusion
2025-05-27 오후 3:16:51,BaseBall,1,5,1,Confusion
2025-05-27 오후 3:16:51,BaseBall,2,6,1,Confusion
2025-05-27 오후 3:16:52,BaseBall,3,7,1,Confusion
2025-05-27 오후 3:16:52,BaseBall,4,8,1,Confusion
2025-05-27 오후 3:16:53,BaseBall,5,9,1,Confusion
2025-05-27 오후 3:16:54,Sponge ball,5,10,0.1,Confusion
2025-05-27 오후 3:16:55,Sponge ball,6,11,0.1,Confusion
2025-05-27 오후 3:16:55,Sponge ball,7,12,0.1,Confusion
2025-05-27 오후 3:16:55,Sponge ball,8,13,0.1,Confusion
2025-05-27 오후 3:16:56,Sponge ball,9,14,0.1,Confusion
2025-05-27 오후 3:16:56,Sponge ball,10,15,0.1,Confusion
2025-05-27 오후 3:17:00,BaseBall,6,16,1,Confusion
2025-05-27 오후 3:17:03,Sponge ball,11,17,0.1,Confusion
2025-05-27 오후 3:17:04,BaseBall,7,18,1,Confusion
2025-05-27 오후 3:17:06,Sponge ball,12,19,0.1,Confusion
2025-05-27 오후 3:17:08,BaseBall,8,20,1,Confusion
2025-05-27 오후 3:17:09,Sponge ball,13,21,0.1,Confusion
2025-05-27 오후 3:17:13,BaseBall,9,22,1,Confusion
2025-05-27 오후 3:17:16,BaseBall,10,23,1,Confusion
2025-05-27 오후 3:17:19,BaseBall,11,24,1,Confusion
2025-05-27 오후 3:17:21,Sponge ball,14,25,0.1,Confusion
2025-05-27 오후 3:17:22,Sponge ball,15,26,0.1,Confusion
2025-05-27 오후 3:17:23,BaseBall,12,27,1,Confusion
2025-05-27 오후 3:17:27,Steal ball,1,28,0.5,Confusion
2025-05-27 오후 3:17:32,Steal ball,2,29,0.5,Confusion
2025-05-27 오후 3:17:33,Steal ball,3,30,0.5,Confusion
2025-05-27 오후 3:17:35,Steal ball,4,31,0.5,Confusion
2025-05-27 오후 3:17:36,Steal ball,5,32,0.5,Confusion
2025-05-27 오후 3:17:37,Steal ball,6,33,0.5,Confusion
2025-05-27 오후 3:17:40,BaseBall,13,34,1,Confusion
2025-05-27 오후 3:17:41,BaseBall,14,35,1,Confusion
2025-05-27 오후 3:17:46,Steal ball,7,36,0.5,Confusion
2025-05-27 오후 3:17:49,Sponge ball,16,37,0.1,Confusion
2025-05-27 오후 3:17:50,Sponge ball,17,38,0.1,Confusion
2025-05-27 오후 3:17:52,Sponge ball,18,39,0.1,Confusion
2025-05-27 오후 3:17:54,Steal ball,8,40,0.5,Confusion
2025-05-27 오후 3:17:55,BaseBall,15,41,1,Confusion
2025-05-27 오후 3:17:56,BaseBall,16,42,1,Confusion
2025-05-27 오후 3:17:57,Fur ball,1,43,0.3,Confusion
2025-05-27 오후 3:17:58,Fur ball,2,44,0.3,Confusion
2025-05-27 오후 3:17:59,Fur ball,3,45,0.3,Confusion
2025-05-27 오후 3:17:59,Fur ball,4,46,0.3,Confusion
2025-05-27 오후 3:18:00,bouncy ball,1,47,0,Confusion
2025-05-27 오후 3:18:01,bouncy ball,2,48,0,Confusion
2025-05-27 오후 3:18:05,Fur ball,5,49,0.3,Confusion
2025-05-27 오후 3:18:07,Fur ball,6,50,0.3,Confusion
2025-05-27 오후 3:18:11,Sponge ball,19,51,0.1,Confusion
2025-05-27 오후 3:18:15,Sponge ball,20,52,0.1,Confusion
2025-05-27 오후 3:18:15,Sponge ball,21,53,0.1,Confusion
2025-05-27 오후 3:18:19,Steal ball,9,54,0.5,Confusion
2025-05-27 오후 3:18:21,Sponge ball,22,55,0.1,Confusion
2025-05-27 오후 3:18:22,Sponge ball,23,56,0.1,Confusion
2025-05-27 오후 3:18:23,Fur ball,7,57,0.3,Confusion
2025-05-27 오후 3:18:24,Fur ball,8,58,0.3,Confusion
2025-05-27 오후 3:18:25,Sponge ball,24,59,0.1,Confusion
2025-05-27 오후 3:18:26,Sponge ball,25,60,0.1,Confusion
2025-05-27 오후 3:18:26,Sponge ball,26,61,0.1,Confusion
2025-05-27 오후 3:18:27,Sponge ball,27,62,0.1,Confusion
2025-05-27 오후 3:18:29,Fur ball,9,63,0.3,Confusion
2025-05-27 오후 3:18:30,Fur ball,10,64,0.3,Confusion
2025-05-27 오후 3:18:31,Sponge ball,28,65,0.1,Confusion
2025-05-27 오후 3:18:32,Sponge ball,29,66,0.1,Confusion
2025-05-27 오후 3:18:34,Fur ball,11,67,0.3,Confusion
2025-05-27 오후 3:18:35,Fur ball,12,68,0.3,Confusion
2025-05-27 오후 3:18:37,Steal ball,10,69,0.5,Confusion
2025-05-27 오후 3:18:39,BaseBall,17,70,1,Confusion
2025-05-27 오후 3:19:20,Sponge ball,30,71,0.1,Confusion
2025-05-27 오후 3:19:20,Sponge ball,31,72,0.1,Confusion
2025-05-27 오후 3:19:21,Sponge ball,32,73,0.1,Confusion
2025-05-27 오후 3:19:27,Fur ball,13,74,0.3,Confusion
2025-05-27 오후 3:19:32,Fur ball,14,75,0.3,Confusion
2025-05-27 오후 3:19:36,Steal ball,11,76,0.5,Confusion
2025-05-27 오후 3:19:39,Steal ball,12,77,0.5,Confusion
2025-05-27 오후 3:19:43,BaseBall,18,78,1,Confusion
2025-05-27 오후 3:19:43,BaseBall,19,79,1,Confusion
2025-05-27 오후 3:19:53,10,1,1,0.1,NoMaterial
2025-05-27 오후 3:19:54,10,2,2,0.1,NoMaterial
2025-05-27 오후 3:19:55,10,3,3,0.1,NoMaterial
2025-05-27 오후 3:19:56,10,4,4,0.1,NoMaterial
2025-05-27 오후 3:19:57,10,5,5,0.1,NoMaterial
2025-05-27 오후 3:19:57,10,6,6,0.1,NoMaterial
2025-05-27 오후 3:19:59,100,1,7,1,NoMaterial
2025-05-27 오후 3:20:01,100,2,8,1,NoMaterial
2025-05-27 오후 3:20:01,100,3,9,1,NoMaterial
2025-05-27 오후 3:20:03,100,4,10,1,NoMaterial
2025-05-27 오후 3:20:04,100,5,11,1,NoMaterial
2025-05-27 오후 3:20:05,10,7,12,0.1,NoMaterial
2025-05-27 오후 3:20:06,10,8,13,0.1,NoMaterial
2025-05-27 오후 3:20:06,10,9,14,0.1,NoMaterial
2025-05-27 오후 3:20:07,10,10,15,0.1,NoMaterial
2025-05-27 오후 3:20:08,10,11,16,0.1,NoMaterial
2025-05-27 오후 3:20:08,10,12,17,0.1,NoMaterial
2025-05-27 오후 3:20:09,100,6,18,1,NoMaterial
2025-05-27 오후 3:20:10,100,7,19,1,NoMaterial
2025-05-27 오후 3:20:11,100,8,20,1,NoMaterial
2025-05-27 오후 3:20:13,50,1,21,0.5,NoMaterial
2025-05-27 오후 3:20:13,50,2,22,0.5,NoMaterial
2025-05-27 오후 3:20:19,100,9,23,1,NoMaterial
2025-05-27 오후 3:20:20,100,10,24,1,NoMaterial
2025-05-27 오후 3:20:21,100,11,25,1,NoMaterial
2025-05-27 오후 3:20:22,10,13,26,0.1,NoMaterial
2025-05-27 오후 3:20:23,10,14,27,0.1,NoMaterial
2025-05-27 오후 3:20:24,10,15,28,0.1,NoMaterial
2025-05-27 오후 3:20:26,50,3,29,0.5,NoMaterial
2025-05-27 오후 3:20:26,50,4,30,0.5,NoMaterial
2025-05-27 오후 3:20:27,50,5,31,0.5,NoMaterial
2025-05-27 오후 3:20:27,50,6,32,0.5,NoMaterial
2025-05-27 오후 3:20:28,50,7,33,0.5,NoMaterial
2025-05-27 오후 3:20:29,50,8,34,0.5,NoMaterial
2025-05-27 오후 3:20:30,50,9,35,0.5,NoMaterial
2025-05-27 오후 3:20:31,10,16,36,0.1,NoMaterial
2025-05-27 오후 3:20:31,10,17,37,0.1,NoMaterial
2025-05-27 오후 3:20:34,100,12,38,1,NoMaterial
2025-05-27 오후 3:20:34,100,13,39,1,NoMaterial
2025-05-27 오후 3:20:35,100,14,40,1,NoMaterial
2025-05-27 오후 3:20:36,100,15,41,1,NoMaterial
2025-05-27 오후 3:20:39,100,16,42,1,NoMaterial
2025-05-27 오후 3:20:41,100,17,43,1,NoMaterial
2025-05-27 오후 3:20:43,50,10,44,0.5,NoMaterial
2025-05-27 오후 3:20:43,50,11,45,0.5,NoMaterial
2025-05-27 오후 3:20:44,10,18,46,0.1,NoMaterial
2025-05-27 오후 3:20:45,10,19,47,0.1,NoMaterial
2025-05-27 오후 3:20:45,10,20,48,0.1,NoMaterial
2025-05-27 오후 3:20:45,10,21,49,0.1,NoMaterial
2025-05-27 오후 3:20:46,10,22,50,0.1,NoMaterial
2025-05-27 오후 3:20:51,50,12,51,0.5,NoMaterial
2025-05-27 오후 3:20:51,50,13,52,0.5,NoMaterial
2025-05-27 오후 3:20:52,50,14,53,0.5,NoMaterial
2025-05-27 오후 3:20:56,50,15,54,0.5,NoMaterial
2025-05-27 오후 3:20:58,50,16,55,0.5,NoMaterial
2025-05-27 오후 3:20:59,10,23,56,0.1,NoMaterial
2025-05-27 오후 3:21:00,10,24,57,0.1,NoMaterial
2025-05-27 오후 3:21:01,10,25,58,0.1,NoMaterial
2025-05-27 오후 3:21:02,10,26,59,0.1,NoMaterial
2025-05-27 오후 3:21:03,50,17,60,0.5,NoMaterial
2025-05-27 오후 3:21:04,50,18,61,0.5,NoMaterial
2025-05-27 오후 3:21:05,100,18,62,1,NoMaterial
2025-05-27 오후 3:21:06,100,19,63,1,NoMaterial
2025-05-27 오후 3:21:07,100,20,64,1,NoMaterial
2025-05-27 오후 3:21:09,0,1,65,0,NoMaterial
2025-05-27 오후 3:21:14,30,1,66,0.3,NoMaterial
2025-05-27 오후 3:21:17,0,2,67,0,NoMaterial
2025-05-27 오후 3:21:20,100,21,68,1,NoMaterial
2025-05-27 오후 3:21:22,30,2,69,0.3,NoMaterial
2025-05-27 오후 3:21:26,30,3,70,0.3,NoMaterial
2025-05-27 오후 3:21:30,30,4,71,0.3,NoMaterial
2025-05-27 오후 3:21:33,50,19,72,0.5,NoMaterial
2025-05-27 오후 3:21:34,30,5,73,0.3,NoMaterial
2025-05-27 오후 3:21:36,50,20,74,0.5,NoMaterial
2025-05-27 오후 3:21:38,50,21,75,0.5,NoMaterial
2025-05-27 오후 3:21:39,30,6,76,0.3,NoMaterial
2025-05-27 오후 3:21:40,30,7,77,0.3,NoMaterial
2025-05-27 오후 3:21:41,30,8,78,0.3,NoMaterial
2025-05-27 오후 3:21:42,30,9,79,0.3,NoMaterial
2025-05-27 오후 3:21:43,30,10,80,0.3,NoMaterial
2025-05-27 오후 3:21:44,30,11,81,0.3,NoMaterial
2025-05-27 오후 3:21:45,30,12,82,0.3,NoMaterial
2025-05-27 오후 3:21:46,30,13,83,0.3,NoMaterial
2025-05-27 오후 3:21:48,50,22,84,0.5,NoMaterial
2025-05-27 오후 3:21:49,50,23,85,0.5,NoMaterial
2025-05-27 오후 3:21:50,50,24,86,0.5,NoMaterial
2025-05-27 오후 3:21:51,10,27,87,0.1,NoMaterial
2025-05-27 오후 3:21:55,50,25,88,0.5,NoMaterial
2025-05-27 오후 3:21:58,10,28,89,0.1,NoMaterial
2025-05-27 오후 3:22:00,50,26,90,0.5,NoMaterial
2025-05-27 오후 3:22:03,30,14,91,0.3,NoMaterial
2025-05-27 오후 3:22:19,BaseBall,1,1,0.5,Material
2025-05-27 오후 3:22:21,BaseBall,2,2,0.5,Material
2025-05-27 오후 3:22:22,BaseBall,3,3,0.5,Material
2025-05-27 오후 3:22:22,BaseBall,4,4,0.5,Material
2025-05-27 오후 3:22:24,bouncy ball,1,5,0.3,Material
2025-05-27 오후 3:22:25,bouncy ball,2,6,0.3,Material
2025-05-27 오후 3:22:26,bouncy ball,3,7,0.3,Material
2025-05-27 오후 3:22:27,bouncy ball,4,8,0.3,Material
2025-05-27 오후 3:22:28,bouncy ball,5,9,0.3,Material
2025-05-27 오후 3:22:32,BaseBall,5,10,0.5,Material
2025-05-27 오후 3:22:35,BaseBall,6,11,0.5,Material
2025-05-27 오후 3:22:35,BaseBall,7,12,0.5,Material
2025-05-27 오후 3:22:36,BaseBall,8,13,0.5,Material
2025-05-27 오후 3:22:36,BaseBall,9,14,0.5,Material
2025-05-27 오후 3:22:38,BaseBall,10,15,0.5,Material
2025-05-27 오후 3:22:41,Sponge ball,1,16,0.1,Material
2025-05-27 오후 3:22:44,Steal ball,1,17,1,Material
2025-05-27 오후 3:22:48,Steal ball,2,18,1,Material
2025-05-27 오후 3:22:52,Fur ball,1,19,0,Material
2025-05-27 오후 3:22:54,BaseBall,11,20,0.5,Material
2025-05-27 오후 3:22:58,Fur ball,2,21,0,Material
2025-05-27 오후 3:22:58,Fur ball,3,22,0,Material
2025-05-27 오후 3:22:59,Fur ball,4,23,0,Material
2025-05-27 오후 3:23:00,Fur ball,5,24,0,Material
2025-05-27 오후 3:23:01,bouncy ball,6,25,0.3,Material
2025-05-27 오후 3:23:01,bouncy ball,7,26,0.3,Material
2025-05-27 오후 3:23:05,Fur ball,6,27,0,Material
2025-05-27 오후 3:23:08,Steal ball,3,28,1,Material
2025-05-27 오후 3:23:12,Steal ball,4,29,1,Material
2025-05-27 오후 3:23:15,Steal ball,5,30,1,Material
2025-05-27 오후 3:23:16,Steal ball,6,31,1,Material
2025-05-27 오후 3:23:17,Steal ball,7,32,1,Material
2025-05-27 오후 3:23:17,Steal ball,8,33,1,Material
2025-05-27 오후 3:23:18,Steal ball,9,34,1,Material
2025-05-27 오후 3:23:18,Steal ball,10,35,1,Material
2025-05-27 오후 3:23:19,BaseBall,12,36,0.5,Material
2025-05-27 오후 3:23:20,BaseBall,13,37,0.5,Material
2025-05-27 오후 3:23:23,Steal ball,11,38,1,Material
2025-05-27 오후 3:23:24,Steal ball,12,39,1,Material
2025-05-27 오후 3:23:26,Sponge ball,2,40,0.1,Material
2025-05-27 오후 3:23:27,Sponge ball,3,41,0.1,Material
2025-05-27 오후 3:23:29,BaseBall,14,42,0.5,Material
2025-05-27 오후 3:23:30,BaseBall,15,43,0.5,Material
2025-05-27 오후 3:23:31,BaseBall,16,44,0.5,Material
2025-05-27 오후 3:23:37,BaseBall,17,45,0.5,Material
2025-05-27 오후 3:23:39,Steal ball,13,46,1,Material
2025-05-27 오후 3:23:40,Steal ball,14,47,1,Material
2025-05-27 오후 3:23:40,Steal ball,15,48,1,Material
2025-05-27 오후 3:23:41,Steal ball,16,49,1,Material
2025-05-27 오후 3:23:41,Steal ball,17,50,1,Material
2025-05-27 오후 3:23:43,Sponge ball,4,51,0.1,Material
2025-05-27 오후 3:23:43,Sponge ball,5,52,0.1,Material
2025-05-27 오후 3:23:44,Sponge ball,6,53,0.1,Material
2025-05-27 오후 3:23:44,Sponge ball,7,54,0.1,Material
2025-05-27 오후 3:23:45,Sponge ball,8,55,0.1,Material
2025-05-27 오후 3:23:45,Sponge ball,9,56,0.1,Material
2025-05-27 오후 3:23:47,bouncy ball,8,57,0.3,Material
2025-05-27 오후 3:23:47,bouncy ball,9,58,0.3,Material
2025-05-27 오후 3:23:48,bouncy ball,10,59,0.3,Material
2025-05-27 오후 3:23:49,Sponge ball,10,60,0.1,Material
2025-05-27 오후 3:23:49,Sponge ball,11,61,0.1,Material
2025-05-27 오후 3:23:50,Sponge ball,12,62,0.1,Material
2025-05-27 오후 3:23:50,Sponge ball,13,63,0.1,Material
2025-05-27 오후 3:23:52,Steal ball,18,64,1,Material
2025-05-27 오후 3:23:53,Steal ball,19,65,1,Material
2025-05-27 오후 3:24:10,bouncy ball,11,66,0.3,Material
2025-05-27 오후 3:24:10,bouncy ball,12,67,0.3,Material
2025-05-27 오후 3:24:12,bouncy ball,13,68,0.3,Material
2025-05-27 오후 3:24:12,bouncy ball,14,69,0.3,Material
2025-05-27 오후 3:24:13,bouncy ball,15,70,0.3,Material
2025-05-27 오후 3:24:13,bouncy ball,16,71,0.3,Material
2025-05-27 오후 3:24:14,bouncy ball,17,72,0.3,Material
2025-05-27 오후 3:24:14,bouncy ball,18,73,0.3,Material
2025-05-27 오후 3:24:15,bouncy ball,19,74,0.3,Material
2025-05-27 오후 3:24:15,bouncy ball,20,75,0.3,Material
2025-05-27 오후 3:24:16,bouncy ball,21,76,0.3,Material
2025-05-27 오후 3:24:18,Sponge ball,14,77,0.1,Material
2025-05-27 오후 3:24:18,Sponge ball,15,78,0.1,Material
2025-05-27 오후 3:24:18,Sponge ball,16,79,0.1,Material
2025-05-27 오후 3:24:19,Sponge ball,17,80,0.1,Material
2025-05-27 오후 3:24:19,Sponge ball,18,81,0.1,Material
2025-05-27 오후 3:24:19,Sponge ball,19,82,0.1,Material
2025-05-27 오후 3:24:20,Sponge ball,20,83,0.1,Material
2025-05-27 오후 3:24:20,Sponge ball,21,84,0.1,Material
2025-05-27 오후 3:24:23,Steal ball,20,85,1,Material
2025-05-27 오후 3:24:26,Steal ball,21,86,1,Material
2025-05-27 오후 3:24:26,Steal ball,22,87,1,Material
2025-05-27 오후 3:24:30,BaseBall,18,88,0.5,Material
2025-05-27 오후 3:24:30,BaseBall,19,89,0.5,Material
2025-05-27 오후 3:24:39,Sponge ball,1,1,0.1,Material
2025-05-27 오후 3:24:40,Sponge ball,2,2,0.1,Material
2025-05-27 오후 3:24:41,Sponge ball,3,3,0.1,Material
2025-05-27 오후 3:24:41,Sponge ball,4,4,0.1,Material
2025-05-27 오후 3:24:41,Sponge ball,5,5,0.1,Material
2025-05-27 오후 3:24:43,Sponge ball,6,6,0.1,Material
2025-05-27 오후 3:24:44,Steal ball,1,7,1,Material
2025-05-27 오후 3:24:45,Steal ball,2,8,1,Material
2025-05-27 오후 3:24:45,Steal ball,3,9,1,Material
2025-05-27 오후 3:24:46,Steal ball,4,10,1,Material
2025-05-27 오후 3:24:46,Steal ball,5,11,1,Material
2025-05-27 오후 3:24:46,Steal ball,6,12,1,Material
2025-05-27 오후 3:24:47,Steal ball,7,13,1,Material
2025-05-27 오후 3:24:50,Sponge ball,7,14,0.1,Material
2025-05-27 오후 3:24:51,Sponge ball,8,15,0.1,Material
2025-05-27 오후 3:24:51,Sponge ball,9,16,0.1,Material
2025-05-27 오후 3:24:52,Sponge ball,10,17,0.1,Material
2025-05-27 오후 3:24:52,Sponge ball,11,18,0.1,Material
2025-05-27 오후 3:24:53,Sponge ball,12,19,0.1,Material
2025-05-27 오후 3:24:55,Fur ball,1,20,0,Material
2025-05-27 오후 3:24:58,Fur ball,2,21,0,Material
2025-05-27 오후 3:24:58,Fur ball,3,22,0,Material
2025-05-27 오후 3:25:00,Fur ball,4,23,0,Material
2025-05-27 오후 3:25:01,BaseBall,1,24,0.5,Material
2025-05-27 오후 3:25:01,BaseBall,2,25,0.5,Material
2025-05-27 오후 3:25:05,Steal ball,8,26,1,Material
2025-05-27 오후 3:25:06,bouncy ball,1,27,0.3,Material
2025-05-27 오후 3:25:07,bouncy ball,2,28,0.3,Material
2025-05-27 오후 3:25:08,bouncy ball,3,29,0.3,Material
2025-05-27 오후 3:25:09,bouncy ball,4,30,0.3,Material
2025-05-27 오후 3:25:09,bouncy ball,5,31,0.3,Material
2025-05-27 오후 3:25:10,bouncy ball,6,32,0.3,Material
2025-05-27 오후 3:25:11,bouncy ball,7,33,0.3,Material
2025-05-27 오후 3:25:12,bouncy ball,8,34,0.3,Material
2025-05-27 오후 3:25:12,bouncy ball,9,35,0.3,Material
2025-05-27 오후 3:25:13,bouncy ball,10,36,0.3,Material
2025-05-27 오후 3:25:13,bouncy ball,11,37,0.3,Material
2025-05-27 오후 3:25:14,bouncy ball,12,38,0.3,Material
2025-05-27 오후 3:25:15,bouncy ball,13,39,0.3,Material
2025-05-27 오후 3:25:21,Fur ball,5,40,0,Material
2025-05-27 오후 3:25:25,Steal ball,9,41,1,Material
2025-05-27 오후 3:25:27,BaseBall,3,42,0.5,Material
2025-05-27 오후 3:25:29,bouncy ball,14,43,0.3,Material
2025-05-27 오후 3:25:29,bouncy ball,15,44,0.3,Material
2025-05-27 오후 3:25:30,bouncy ball,16,45,0.3,Material
2025-05-27 오후 3:25:33,Steal ball,10,46,1,Material
2025-05-27 오후 3:25:36,BaseBall,4,47,0.5,Material
2025-05-27 오후 3:25:37,BaseBall,5,48,0.5,Material
2025-05-27 오후 3:25:38,BaseBall,6,49,0.5,Material
2025-05-27 오후 3:25:40,Steal ball,11,50,1,Material
2025-05-27 오후 3:25:43,BaseBall,7,51,0.5,Material
2025-05-27 오후 3:25:46,Steal ball,12,52,1,Material
2025-05-27 오후 3:25:48,Steal ball,13,53,1,Material
2025-05-27 오후 3:25:48,Steal ball,14,54,1,Material
2025-05-27 오후 3:25:50,BaseBall,8,55,0.5,Material
2025-05-27 오후 3:25:50,BaseBall,9,56,0.5,Material
2025-05-27 오후 3:25:51,BaseBall,10,57,0.5,Material
2025-05-27 오후 3:25:51,BaseBall,11,58,0.5,Material
2025-05-27 오후 3:25:53,BaseBall,12,59,0.5,Material
2025-05-27 오후 3:25:53,BaseBall,13,60,0.5,Material
2025-05-27 오후 3:25:55,BaseBall,14,61,0.5,Material
2025-05-27 오후 3:25:55,BaseBall,15,62,0.5,Material
2025-05-27 오후 3:25:56,BaseBall,16,63,0.5,Material
2025-05-27 오후 3:25:57,BaseBall,17,64,0.5,Material
2025-05-27 오후 3:25:57,BaseBall,18,65,0.5,Material
2025-05-27 오후 3:25:58,Steal ball,15,66,1,Material
2025-05-27 오후 3:25:59,Steal ball,16,67,1,Material
2025-05-27 오후 3:26:00,BaseBall,19,68,0.5,Material
2025-05-27 오후 3:26:00,BaseBall,20,69,0.5,Material
2025-05-27 오후 3:26:01,BaseBall,21,70,0.5,Material
2025-05-27 오후 3:26:02,Steal ball,17,71,1,Material
2025-05-27 오후 3:26:05,Sponge ball,13,72,0.1,Material
2025-05-27 오후 3:26:05,Sponge ball,14,73,0.1,Material
2025-05-27 오후 3:26:08,BaseBall,22,74,0.5,Material
2025-05-27 오후 3:26:09,BaseBall,23,75,0.5,Material
2025-05-27 오후 3:26:10,Steal ball,18,76,1,Material
2025-05-27 오후 3:26:11,Steal ball,19,77,1,Material
2025-05-27 오후 3:26:13,BaseBall,24,78,0.5,Material
2025-05-27 오후 3:26:15,BaseBall,25,79,0.5,Material
2025-05-27 오후 3:26:28,Fur ball,6,80,0,Material
2025-05-27 오후 3:26:29,Fur ball,7,81,0,Material
2025-05-27 오후 3:26:30,Fur ball,8,82,0,Material
2025-05-27 오후 3:26:33,bouncy ball,17,83,0.3,Material
2025-05-27 오후 3:26:34,bouncy ball,18,84,0.3,Material
2025-05-27 오후 3:26:35,bouncy ball,19,85,0.3,Material
2025-05-27 오후 3:26:36,bouncy ball,20,86,0.3,Material
2025-05-27 오후 3:26:36,bouncy ball,21,87,0.3,Material
2025-05-27 오후 3:26:36,bouncy ball,22,88,0.3,Material
2025-05-27 오후 3:26:39,Sponge ball,15,89,0.1,Material
2025-05-27 오후 3:26:40,Sponge ball,16,90,0.1,Material
2025-05-27 오후 3:26:40,Sponge ball,17,91,0.1,Material
2025-05-27 오후 3:26:41,Sponge ball,18,92,0.1,Material
2025-05-27 오후 3:26:42,Sponge ball,19,93,0.1,Material
2025-05-27 오후 3:26:42,Sponge ball,20,94,0.1,Material
2025-05-27 오후 3:26:43,Sponge ball,21,95,0.1,Material
2025-05-27 오후 3:26:45,Steal ball,20,96,1,Material
2025-05-27 오후 3:26:46,Steal ball,21,97,1,Material
2025-05-27 오후 3:26:46,Steal ball,22,98,1,Material
2025-05-27 오후 3:26:47,Steal ball,23,99,1,Material
2025-05-27 오후 3:26:48,Steal ball,24,100,1,Material
2025-05-27 오후 3:26:49,Steal ball,25,101,1,Material
2025-05-27 오후 3:26:50,Steal ball,26,102,1,Material
2025-05-27 오후 3:26:52,BaseBall,26,103,0.5,Material
2025-05-27 오후 3:26:52,BaseBall,27,104,0.5,Material
2025-05-27 오후 3:26:53,BaseBall,28,105,0.5,Material
2025-05-27 오후 3:26:53,BaseBall,29,106,0.5,Material
2025-05-27 오후 3:26:54,BaseBall,30,107,0.5,Material
2025-05-27 오후 3:26:54,BaseBall,31,108,0.5,Material
2025-05-27 오후 3:27:02,BaseBall,1,1,0.3,Confusion
2025-05-27 오후 3:27:02,BaseBall,2,2,0.3,Confusion
2025-05-27 오후 3:27:04,Steal ball,1,3,1,Confusion
2025-05-27 오후 3:27:05,Steal ball,2,4,1,Confusion
2025-05-27 오후 3:27:06,Steal ball,3,5,1,Confusion
2025-05-27 오후 3:27:06,Steal ball,4,6,1,Confusion
2025-05-27 오후 3:27:09,BaseBall,3,7,0.3,Confusion
2025-05-27 오후 3:27:10,BaseBall,4,8,0.3,Confusion
2025-05-27 오후 3:27:11,BaseBall,5,9,0.3,Confusion
2025-05-27 오후 3:27:12,bouncy ball,1,10,0.1,Confusion
2025-05-27 오후 3:27:13,bouncy ball,2,11,0.1,Confusion
2025-05-27 오후 3:27:13,bouncy ball,3,12,0.1,Confusion
2025-05-27 오후 3:27:15,Sponge ball,1,13,0.5,Confusion
2025-05-27 오후 3:27:16,Sponge ball,2,14,0.5,Confusion
2025-05-27 오후 3:27:18,Sponge ball,3,15,0.5,Confusion
2025-05-27 오후 3:27:18,Sponge ball,4,16,0.5,Confusion
2025-05-27 오후 3:27:21,Steal ball,5,17,1,Confusion
2025-05-27 오후 3:27:23,Fur ball,1,18,0,Confusion
2025-05-27 오후 3:27:24,Fur ball,2,19,0,Confusion
2025-05-27 오후 3:27:25,Fur ball,3,20,0,Confusion
2025-05-27 오후 3:27:26,Fur ball,4,21,0,Confusion
2025-05-27 오후 3:27:26,Fur ball,5,22,0,Confusion
2025-05-27 오후 3:27:30,Sponge ball,5,23,0.5,Confusion
2025-05-27 오후 3:27:31,Sponge ball,6,24,0.5,Confusion
2025-05-27 오후 3:27:34,Sponge ball,7,25,0.5,Confusion
2025-05-27 오후 3:27:37,Steal ball,6,26,1,Confusion
2025-05-27 오후 3:27:37,Steal ball,7,27,1,Confusion
2025-05-27 오후 3:27:38,Steal ball,8,28,1,Confusion
2025-05-27 오후 3:27:39,Steal ball,9,29,1,Confusion
2025-05-27 오후 3:27:41,Steal ball,10,30,1,Confusion
2025-05-27 오후 3:27:42,Sponge ball,8,31,0.5,Confusion
2025-05-27 오후 3:27:42,Sponge ball,9,32,0.5,Confusion
2025-05-27 오후 3:27:43,Sponge ball,10,33,0.5,Confusion
2025-05-27 오후 3:27:47,BaseBall,6,34,0.3,Confusion
2025-05-27 오후 3:27:48,BaseBall,7,35,0.3,Confusion
2025-05-27 오후 3:27:49,BaseBall,8,36,0.3,Confusion
2025-05-27 오후 3:27:52,bouncy ball,4,37,0.1,Confusion
2025-05-27 오후 3:27:53,bouncy ball,5,38,0.1,Confusion
2025-05-27 오후 3:27:54,bouncy ball,6,39,0.1,Confusion
2025-05-27 오후 3:27:54,bouncy ball,7,40,0.1,Confusion
2025-05-27 오후 3:27:57,Steal ball,11,41,1,Confusion
2025-05-27 오후 3:27:58,Steal ball,12,42,1,Confusion
2025-05-27 오후 3:27:58,Steal ball,13,43,1,Confusion
2025-05-27 오후 3:28:01,bouncy ball,8,44,0.1,Confusion
2025-05-27 오후 3:28:09,bouncy ball,9,45,0.1,Confusion
2025-05-27 오후 3:28:12,bouncy ball,10,46,0.1,Confusion
2025-05-27 오후 3:28:14,Steal ball,14,47,1,Confusion
2025-05-27 오후 3:28:16,bouncy ball,11,48,0.1,Confusion
2025-05-27 오후 3:28:18,bouncy ball,12,49,0.1,Confusion
2025-05-27 오후 3:28:20,BaseBall,9,50,0.3,Confusion
2025-05-27 오후 3:28:21,BaseBall,10,51,0.3,Confusion
2025-05-27 오후 3:28:21,BaseBall,11,52,0.3,Confusion
2025-05-27 오후 3:28:25,BaseBall,12,53,0.3,Confusion
2025-05-27 오후 3:28:27,BaseBall,13,54,0.3,Confusion
2025-05-27 오후 3:28:28,BaseBall,14,55,0.3,Confusion
2025-05-27 오후 3:28:29,bouncy ball,13,56,0.1,Confusion
2025-05-27 오후 3:28:29,bouncy ball,14,57,0.1,Confusion
2025-05-27 오후 3:28:30,bouncy ball,15,58,0.1,Confusion
2025-05-27 오후 3:28:30,bouncy ball,16,59,0.1,Confusion
2025-05-27 오후 3:28:32,BaseBall,15,60,0.3,Confusion
2025-05-27 오후 3:28:32,BaseBall,16,61,0.3,Confusion
2025-05-27 오후 3:28:33,BaseBall,17,62,0.3,Confusion
2025-05-27 오후 3:28:35,Steal ball,15,63,1,Confusion
2025-05-27 오후 3:28:51,Sponge ball,11,64,0.5,Confusion
2025-05-27 오후 3:28:51,Sponge ball,12,65,0.5,Confusion
2025-05-27 오후 3:28:52,Sponge ball,13,66,0.5,Confusion
2025-05-27 오후 3:28:53,Sponge ball,14,67,0.5,Confusion
2025-05-27 오후 3:28:55,BaseBall,18,68,0.3,Confusion
2025-05-27 오후 3:28:55,BaseBall,19,69,0.3,Confusion
2025-05-27 오후 3:28:56,BaseBall,20,70,0.3,Confusion
2025-05-27 오후 3:28:56,BaseBall,21,71,0.3,Confusion
2025-05-27 오후 3:28:57,BaseBall,22,72,0.3,Confusion
2025-05-27 오후 3:28:57,BaseBall,23,73,0.3,Confusion
2025-05-27 오후 3:29:00,bouncy ball,17,74,0.1,Confusion
2025-05-27 오후 3:29:01,bouncy ball,18,75,0.1,Confusion
2025-05-27 오후 3:29:01,bouncy ball,19,76,0.1,Confusion
2025-05-27 오후 3:29:02,bouncy ball,20,77,0.1,Confusion
2025-05-27 오후 3:29:04,bouncy ball,21,78,0.1,Confusion
2025-05-27 오후 3:29:07,Steal ball,16,79,1,Confusion
2025-05-27 오후 3:29:10,Steal ball,17,80,1,Confusion
2025-05-27 오후 3:29:12,Steal ball,18,81,1,Confusion
2025-05-27 오후 3:29:20,50,1,1,0.5,NoMaterial
2025-05-27 오후 3:29:21,50,2,2,0.5,NoMaterial
2025-05-27 오후 3:29:22,50,3,3,0.5,NoMaterial
2025-05-27 오후 3:29:24,50,4,4,0.5,NoMaterial
2025-05-27 오후 3:29:25,50,5,5,0.5,NoMaterial
2025-05-27 오후 3:29:26,50,6,6,0.5,NoMaterial
2025-05-27 오후 3:29:26,50,7,7,0.5,NoMaterial
2025-05-27 오후 3:29:27,50,8,8,0.5,NoMaterial
2025-05-27 오후 3:29:28,50,9,9,0.5,NoMaterial
2025-05-27 오후 3:29:30,10,1,10,0.1,NoMaterial
2025-05-27 오후 3:29:33,50,10,11,0.5,NoMaterial
2025-05-27 오후 3:29:33,50,11,12,0.5,NoMaterial
2025-05-27 오후 3:29:35,50,12,13,0.5,NoMaterial
2025-05-27 오후 3:29:36,50,13,14,0.5,NoMaterial
2025-05-27 오후 3:29:40,0,1,15,0,NoMaterial
2025-05-27 오후 3:29:41,0,2,16,0,NoMaterial
2025-05-27 오후 3:29:42,0,3,17,0,NoMaterial
2025-05-27 오후 3:29:44,0,4,18,0,NoMaterial
2025-05-27 오후 3:29:44,0,5,19,0,NoMaterial
2025-05-27 오후 3:29:47,0,6,20,0,NoMaterial
2025-05-27 오후 3:29:47,0,7,21,0,NoMaterial
2025-05-27 오후 3:29:51,50,14,22,0.5,NoMaterial
2025-05-27 오후 3:29:55,0,8,23,0,NoMaterial
2025-05-27 오후 3:29:58,30,1,24,0.3,NoMaterial
2025-05-27 오후 3:29:58,30,2,25,0.3,NoMaterial
2025-05-27 오후 3:30:00,50,15,26,0.5,NoMaterial
2025-05-27 오후 3:30:00,50,16,27,0.5,NoMaterial
2025-05-27 오후 3:30:02,100,1,28,1,NoMaterial
2025-05-27 오후 3:30:03,100,2,29,1,NoMaterial
2025-05-27 오후 3:30:04,100,3,30,1,NoMaterial
2025-05-27 오후 3:30:05,30,3,31,0.3,NoMaterial
2025-05-27 오후 3:30:05,30,4,32,0.3,NoMaterial
2025-05-27 오후 3:30:06,30,5,33,0.3,NoMaterial
2025-05-27 오후 3:30:09,100,4,34,1,NoMaterial
2025-05-27 오후 3:30:11,30,6,35,0.3,NoMaterial
2025-05-27 오후 3:30:12,30,7,36,0.3,NoMaterial
2025-05-27 오후 3:30:12,30,8,37,0.3,NoMaterial
2025-05-27 오후 3:30:13,30,9,38,0.3,NoMaterial
2025-05-27 오후 3:30:13,30,10,39,0.3,NoMaterial
2025-05-27 오후 3:30:15,50,17,40,0.5,NoMaterial
2025-05-27 오후 3:30:16,50,18,41,0.5,NoMaterial
2025-05-27 오후 3:30:17,30,11,42,0.3,NoMaterial
2025-05-27 오후 3:30:23,50,19,43,0.5,NoMaterial
2025-05-27 오후 3:30:26,30,12,44,0.3,NoMaterial
2025-05-27 오후 3:30:27,30,13,45,0.3,NoMaterial
2025-05-27 오후 3:30:29,50,20,46,0.5,NoMaterial
2025-05-27 오후 3:30:30,50,21,47,0.5,NoMaterial
2025-05-27 오후 3:30:30,50,22,48,0.5,NoMaterial
2025-05-27 오후 3:30:31,30,14,49,0.3,NoMaterial
2025-05-27 오후 3:30:32,30,15,50,0.3,NoMaterial
2025-05-27 오후 3:30:33,0,9,51,0,NoMaterial
2025-05-27 오후 3:30:33,0,10,52,0,NoMaterial
2025-05-27 오후 3:30:34,0,11,53,0,NoMaterial
2025-05-27 오후 3:30:36,10,2,54,0.1,NoMaterial
2025-05-27 오후 3:30:36,10,3,55,0.1,NoMaterial
2025-05-27 오후 3:30:37,10,4,56,0.1,NoMaterial
2025-05-27 오후 3:30:38,10,5,57,0.1,NoMaterial
2025-05-27 오후 3:30:39,10,6,58,0.1,NoMaterial
2025-05-27 오후 3:30:39,10,7,59,0.1,NoMaterial
2025-05-27 오후 3:30:40,10,8,60,0.1,NoMaterial
2025-05-27 오후 3:30:40,10,9,61,0.1,NoMaterial
2025-05-27 오후 3:30:41,50,23,62,0.5,NoMaterial
2025-05-27 오후 3:30:42,50,24,63,0.5,NoMaterial
2025-05-27 오후 3:30:43,100,5,64,1,NoMaterial
2025-05-27 오후 3:30:44,100,6,65,1,NoMaterial
2025-05-27 오후 3:30:45,100,7,66,1,NoMaterial
2025-05-27 오후 3:30:46,10,10,67,0.1,NoMaterial
2025-05-27 오후 3:30:47,10,11,68,0.1,NoMaterial
2025-05-27 오후 3:30:47,10,12,69,0.1,NoMaterial
2025-05-27 오후 3:30:48,10,13,70,0.1,NoMaterial
2025-05-27 오후 3:30:48,10,14,71,0.1,NoMaterial
2025-05-27 오후 3:30:48,10,15,72,0.1,NoMaterial
2025-05-27 오후 3:30:49,10,16,73,0.1,NoMaterial
2025-05-27 오후 3:30:50,10,17,74,0.1,NoMaterial
2025-05-27 오후 3:30:50,10,18,75,0.1,NoMaterial
2025-05-27 오후 3:30:51,10,19,76,0.1,NoMaterial
2025-05-27 오후 3:30:51,10,20,77,0.1,NoMaterial
2025-05-27 오후 3:30:51,10,21,78,0.1,NoMaterial
2025-05-27 오후 3:30:52,10,22,79,0.1,NoMaterial
2025-05-27 오후 3:30:52,10,23,80,0.1,NoMaterial
2025-05-27 오후 3:30:53,10,24,81,0.1,NoMaterial
2025-05-27 오후 3:30:53,10,25,82,0.1,NoMaterial
2025-05-27 오후 3:30:53,10,26,83,0.1,NoMaterial
2025-05-27 오후 3:30:53,10,27,84,0.1,NoMaterial
2025-05-27 오후 3:30:54,10,28,85,0.1,NoMaterial
2025-05-27 오후 3:30:54,10,29,86,0.1,NoMaterial
2025-05-27 오후 3:30:58,100,8,87,1,NoMaterial
2025-05-27 오후 3:30:59,100,9,88,1,NoMaterial
2025-05-27 오후 3:30:59,100,10,89,1,NoMaterial
2025-05-27 오후 3:31:00,100,11,90,1,NoMaterial
2025-05-27 오후 3:31:00,100,12,91,1,NoMaterial
2025-05-27 오후 3:31:02,10,30,92,0.1,NoMaterial
2025-05-27 오후 3:31:04,50,25,93,0.5,NoMaterial
2025-05-27 오후 3:31:06,30,16,94,0.3,NoMaterial
2025-05-27 오후 3:31:08,0,12,95,0,NoMaterial
2025-05-27 오후 3:31:27,BaseBall,1,1,0,Confusion
2025-05-27 오후 3:31:27,BaseBall,2,2,0,Confusion
2025-05-27 오후 3:31:27,BaseBall,3,3,0,Confusion
2025-05-27 오후 3:31:28,BaseBall,4,4,0,Confusion
2025-05-27 오후 3:31:29,BaseBall,5,5,0,Confusion
2025-05-27 오후 3:31:30,BaseBall,6,6,0,Confusion
2025-05-27 오후 3:31:31,Steal ball,1,7,0.5,Confusion
2025-05-27 오후 3:31:33,bouncy ball,1,8,0.1,Confusion
2025-05-27 오후 3:31:35,bouncy ball,2,9,0.1,Confusion
2025-05-27 오후 3:31:35,bouncy ball,3,10,0.1,Confusion
2025-05-27 오후 3:31:36,bouncy ball,4,11,0.1,Confusion
2025-05-27 오후 3:31:38,bouncy ball,5,12,0.1,Confusion
2025-05-27 오후 3:31:39,bouncy ball,6,13,0.1,Confusion
2025-05-27 오후 3:31:41,Steal ball,2,14,0.5,Confusion
2025-05-27 오후 3:31:41,Steal ball,3,15,0.5,Confusion
2025-05-27 오후 3:31:42,Steal ball,4,16,0.5,Confusion
2025-05-27 오후 3:31:49,bouncy ball,7,17,0.1,Confusion
2025-05-27 오후 3:31:50,bouncy ball,8,18,0.1,Confusion
2025-05-27 오후 3:31:51,bouncy ball,9,19,0.1,Confusion
2025-05-27 오후 3:31:52,bouncy ball,10,20,0.1,Confusion
2025-05-27 오후 3:31:52,bouncy ball,11,21,0.1,Confusion
2025-05-27 오후 3:31:53,bouncy ball,12,22,0.1,Confusion
2025-05-27 오후 3:31:53,bouncy ball,13,23,0.1,Confusion
2025-05-27 오후 3:31:54,bouncy ball,14,24,0.1,Confusion
2025-05-27 오후 3:31:54,bouncy ball,15,25,0.1,Confusion
2025-05-27 오후 3:31:54,bouncy ball,16,26,0.1,Confusion
2025-05-27 오후 3:31:55,bouncy ball,17,27,0.1,Confusion
2025-05-27 오후 3:31:55,bouncy ball,18,28,0.1,Confusion
2025-05-27 오후 3:31:55,bouncy ball,19,29,0.1,Confusion
2025-05-27 오후 3:31:56,bouncy ball,20,30,0.1,Confusion
2025-05-27 오후 3:31:59,Sponge ball,1,31,0.3,Confusion
2025-05-27 오후 3:31:59,Sponge ball,2,32,0.3,Confusion
2025-05-27 오후 3:32:01,Sponge ball,3,33,0.3,Confusion
2025-05-27 오후 3:32:01,Sponge ball,4,34,0.3,Confusion
2025-05-27 오후 3:32:02,Sponge ball,5,35,0.3,Confusion
2025-05-27 오후 3:32:05,Steal ball,5,36,0.5,Confusion
2025-05-27 오후 3:32:06,Steal ball,6,37,0.5,Confusion
2025-05-27 오후 3:32:08,Steal ball,7,38,0.5,Confusion
2025-05-27 오후 3:32:09,Steal ball,8,39,0.5,Confusion
2025-05-27 오후 3:32:09,Steal ball,9,40,0.5,Confusion
2025-05-27 오후 3:32:12,Sponge ball,6,41,0.3,Confusion
2025-05-27 오후 3:32:12,Sponge ball,7,42,0.3,Confusion
2025-05-27 오후 3:32:13,Sponge ball,8,43,0.3,Confusion
2025-05-27 오후 3:32:13,Sponge ball,9,44,0.3,Confusion
2025-05-27 오후 3:32:14,Sponge ball,10,45,0.3,Confusion
2025-05-27 오후 3:32:14,Sponge ball,11,46,0.3,Confusion
2025-05-27 오후 3:32:14,Sponge ball,12,47,0.3,Confusion
2025-05-27 오후 3:32:15,Sponge ball,13,48,0.3,Confusion
2025-05-27 오후 3:32:15,Sponge ball,14,49,0.3,Confusion
2025-05-27 오후 3:32:18,Steal ball,10,50,0.5,Confusion
2025-05-27 오후 3:32:19,Steal ball,11,51,0.5,Confusion
2025-05-27 오후 3:32:19,Steal ball,12,52,0.5,Confusion
2025-05-27 오후 3:32:19,Steal ball,13,53,0.5,Confusion
2025-05-27 오후 3:32:21,Steal ball,14,54,0.5,Confusion
2025-05-27 오후 3:32:21,Steal ball,15,55,0.5,Confusion
2025-05-27 오후 3:32:22,Sponge ball,15,56,0.3,Confusion
2025-05-27 오후 3:32:23,Sponge ball,16,57,0.3,Confusion
2025-05-27 오후 3:32:23,Sponge ball,17,58,0.3,Confusion
2025-05-27 오후 3:32:23,Sponge ball,18,59,0.3,Confusion
2025-05-27 오후 3:32:24,Sponge ball,19,60,0.3,Confusion
2025-05-27 오후 3:32:25,BaseBall,7,61,0,Confusion
2025-05-27 오후 3:32:26,BaseBall,8,62,0,Confusion
2025-05-27 오후 3:32:26,BaseBall,9,63,0,Confusion
2025-05-27 오후 3:32:27,BaseBall,10,64,0,Confusion
2025-05-27 오후 3:32:28,BaseBall,11,65,0,Confusion
2025-05-27 오후 3:32:31,bouncy ball,21,66,0.1,Confusion
2025-05-27 오후 3:32:31,bouncy ball,22,67,0.1,Confusion
2025-05-27 오후 3:32:32,bouncy ball,23,68,0.1,Confusion
2025-05-27 오후 3:32:33,bouncy ball,24,69,0.1,Confusion
2025-05-27 오후 3:32:35,bouncy ball,25,70,0.1,Confusion
2025-05-27 오후 3:32:35,bouncy ball,26,71,0.1,Confusion
2025-05-27 오후 3:32:38,bouncy ball,27,72,0.1,Confusion
2025-05-27 오후 3:32:38,bouncy ball,28,73,0.1,Confusion
2025-05-27 오후 3:32:39,bouncy ball,29,74,0.1,Confusion
2025-05-27 오후 3:32:39,bouncy ball,30,75,0.1,Confusion
2025-05-27 오후 3:32:40,bouncy ball,31,76,0.1,Confusion
2025-05-27 오후 3:32:41,bouncy ball,32,77,0.1,Confusion
2025-05-27 오후 3:32:41,bouncy ball,33,78,0.1,Confusion
2025-05-27 오후 3:32:42,bouncy ball,34,79,0.1,Confusion
2025-05-27 오후 3:32:42,bouncy ball,35,80,0.1,Confusion
2025-05-27 오후 3:32:42,bouncy ball,36,81,0.1,Confusion
2025-05-27 오후 3:32:45,Fur ball,1,82,1,Confusion
2025-05-27 오후 3:32:45,Fur ball,2,83,1,Confusion
2025-05-27 오후 3:32:46,Fur ball,3,84,1,Confusion
2025-05-27 오후 3:32:46,Fur ball,4,85,1,Confusion
2025-05-27 오후 3:32:47,Fur ball,5,86,1,Confusion
2025-05-27 오후 3:32:47,Fur ball,6,87,1,Confusion
2025-05-27 오후 3:32:48,Fur ball,7,88,1,Confusion
2025-05-27 오후 3:32:49,Fur ball,8,89,1,Confusion
2025-05-27 오후 3:32:49,Fur ball,9,90,1,Confusion
2025-05-27 오후 3:32:56,Fur ball,10,91,1,Confusion
2025-05-27 오후 3:32:56,Fur ball,11,92,1,Confusion
2025-05-27 오후 3:32:58,Fur ball,12,93,1,Confusion
2025-05-27 오후 3:32:59,Fur ball,13,94,1,Confusion
2025-05-27 오후 3:33:00,Fur ball,14,95,1,Confusion
2025-05-27 오후 3:33:01,Fur ball,15,96,1,Confusion
2025-05-27 오후 3:33:02,Fur ball,16,97,1,Confusion
2025-05-27 오후 3:33:03,bouncy ball,37,98,0.1,Confusion
2025-05-27 오후 3:33:03,bouncy ball,38,99,0.1,Confusion
2025-05-27 오후 3:33:05,Sponge ball,20,100,0.3,Confusion
2025-05-27 오후 3:33:05,Sponge ball,21,101,0.3,Confusion
2025-05-27 오후 3:33:07,Sponge ball,22,102,0.3,Confusion
2025-05-27 오후 3:33:08,Sponge ball,23,103,0.3,Confusion
2025-05-27 오후 3:33:09,Sponge ball,24,104,0.3,Confusion
2025-05-27 오후 3:33:10,Fur ball,17,105,1,Confusion
2025-05-27 오후 3:33:10,Fur ball,18,106,1,Confusion
2025-05-27 오후 3:33:11,Fur ball,19,107,1,Confusion
2025-05-27 오후 3:33:13,Sponge ball,25,108,0.3,Confusion
2025-05-27 오후 3:33:13,Sponge ball,26,109,0.3,Confusion
2025-05-27 오후 3:33:38,Fur ball,20,110,1,Confusion
2025-05-27 오후 3:33:39,Fur ball,21,111,1,Confusion
2025-05-27 오후 3:33:41,Fur ball,22,112,1,Confusion
2025-05-27 오후 3:33:43,Sponge ball,27,113,0.3,Confusion
2025-05-27 오후 3:33:44,Sponge ball,28,114,0.3,Confusion
2025-05-27 오후 3:33:48,Steal ball,16,115,0.5,Confusion
2025-05-27 오후 3:34:06,Sponge ball,1,1,0.5,Confusion
2025-05-27 오후 3:34:07,Sponge ball,2,2,0.5,Confusion
2025-05-27 오후 3:34:07,Sponge ball,3,3,0.5,Confusion
2025-05-27 오후 3:34:07,Sponge ball,4,4,0.5,Confusion
2025-05-27 오후 3:34:08,Sponge ball,5,5,0.5,Confusion
2025-05-27 오후 3:34:10,Sponge ball,6,6,0.5,Confusion
2025-05-27 오후 3:34:11,Sponge ball,7,7,0.5,Confusion
2025-05-27 오후 3:34:12,BaseBall,1,8,0.1,Confusion
2025-05-27 오후 3:34:13,BaseBall,2,9,0.1,Confusion
2025-05-27 오후 3:34:14,BaseBall,3,10,0.1,Confusion
2025-05-27 오후 3:34:14,BaseBall,4,11,0.1,Confusion
2025-05-27 오후 3:34:15,BaseBall,5,12,0.1,Confusion
2025-05-27 오후 3:34:17,Sponge ball,8,13,0.5,Confusion
2025-05-27 오후 3:34:17,Sponge ball,9,14,0.5,Confusion
2025-05-27 오후 3:34:18,Sponge ball,10,15,0.5,Confusion
2025-05-27 오후 3:34:19,Sponge ball,11,16,0.5,Confusion
2025-05-27 오후 3:34:20,BaseBall,6,17,0.1,Confusion
2025-05-27 오후 3:34:21,BaseBall,7,18,0.1,Confusion
2025-05-27 오후 3:34:23,Sponge ball,12,19,0.5,Confusion
2025-05-27 오후 3:34:26,BaseBall,8,20,0.1,Confusion
2025-05-27 오후 3:34:27,BaseBall,9,21,0.1,Confusion
2025-05-27 오후 3:34:28,Sponge ball,13,22,0.5,Confusion
2025-05-27 오후 3:34:30,Sponge ball,14,23,0.5,Confusion
2025-05-27 오후 3:34:31,Sponge ball,15,24,0.5,Confusion
2025-05-27 오후 3:34:32,Sponge ball,16,25,0.5,Confusion
2025-05-27 오후 3:34:33,Sponge ball,17,26,0.5,Confusion
2025-05-27 오후 3:34:34,BaseBall,10,27,0.1,Confusion
2025-05-27 오후 3:34:35,BaseBall,11,28,0.1,Confusion
2025-05-27 오후 3:34:36,bouncy ball,1,29,0,Confusion
2025-05-27 오후 3:34:37,bouncy ball,2,30,0,Confusion
2025-05-27 오후 3:34:42,bouncy ball,3,31,0,Confusion
2025-05-27 오후 3:34:43,bouncy ball,4,32,0,Confusion
2025-05-27 오후 3:34:43,bouncy ball,5,33,0,Confusion
2025-05-27 오후 3:34:45,Steal ball,1,34,1,Confusion
2025-05-27 오후 3:34:45,Steal ball,2,35,1,Confusion
2025-05-27 오후 3:34:46,Steal ball,3,36,1,Confusion
2025-05-27 오후 3:34:47,Fur ball,1,37,0.3,Confusion
2025-05-27 오후 3:34:47,Fur ball,2,38,0.3,Confusion
2025-05-27 오후 3:34:48,Fur ball,3,39,0.3,Confusion
2025-05-27 오후 3:34:48,bouncy ball,6,40,0,Confusion
2025-05-27 오후 3:34:49,bouncy ball,7,41,0,Confusion
2025-05-27 오후 3:34:50,bouncy ball,8,42,0,Confusion
2025-05-27 오후 3:34:50,bouncy ball,9,43,0,Confusion
2025-05-27 오후 3:34:52,BaseBall,12,44,0.1,Confusion
2025-05-27 오후 3:34:53,BaseBall,13,45,0.1,Confusion
2025-05-27 오후 3:34:53,BaseBall,14,46,0.1,Confusion
2025-05-27 오후 3:34:54,Sponge ball,18,47,0.5,Confusion
2025-05-27 오후 3:34:56,Sponge ball,19,48,0.5,Confusion
2025-05-27 오후 3:34:56,Sponge ball,20,49,0.5,Confusion
2025-05-27 오후 3:34:57,Sponge ball,21,50,0.5,Confusion
2025-05-27 오후 3:34:57,Sponge ball,22,51,0.5,Confusion
2025-05-27 오후 3:34:58,Sponge ball,23,52,0.5,Confusion
2025-05-27 오후 3:35:00,Steal ball,4,53,1,Confusion
2025-05-27 오후 3:35:00,Steal ball,5,54,1,Confusion
2025-05-27 오후 3:35:01,Steal ball,6,55,1,Confusion
2025-05-27 오후 3:35:02,Steal ball,7,56,1,Confusion
2025-05-27 오후 3:35:05,Fur ball,4,57,0.3,Confusion
2025-05-27 오후 3:35:06,Fur ball,5,58,0.3,Confusion
2025-05-27 오후 3:35:06,Fur ball,6,59,0.3,Confusion
2025-05-27 오후 3:35:06,Fur ball,7,60,0.3,Confusion
2025-05-27 오후 3:35:08,Steal ball,8,61,1,Confusion
2025-05-27 오후 3:35:09,Steal ball,9,62,1,Confusion
2025-05-27 오후 3:35:10,Steal ball,10,63,1,Confusion
2025-05-27 오후 3:35:15,Fur ball,8,64,0.3,Confusion
2025-05-27 오후 3:35:17,Fur ball,9,65,0.3,Confusion
2025-05-27 오후 3:35:19,Steal ball,11,66,1,Confusion
2025-05-27 오후 3:35:20,Steal ball,12,67,1,Confusion
2025-05-27 오후 3:35:23,Steal ball,13,68,1,Confusion
2025-05-27 오후 3:35:27,Steal ball,14,69,1,Confusion
2025-05-27 오후 3:35:28,Steal ball,15,70,1,Confusion
2025-05-27 오후 3:35:29,Steal ball,16,71,1,Confusion
2025-05-27 오후 3:35:29,Steal ball,17,72,1,Confusion
2025-05-27 오후 3:35:31,Steal ball,18,73,1,Confusion
2025-05-27 오후 3:35:31,Steal ball,19,74,1,Confusion
2025-05-27 오후 3:35:32,Steal ball,20,75,1,Confusion
2025-05-27 오후 3:35:34,Sponge ball,24,76,0.5,Confusion
2025-05-27 오후 3:35:36,Sponge ball,25,77,0.5,Confusion
2025-05-27 오후 3:35:38,Fur ball,10,78,0.3,Confusion
2025-05-27 오후 3:35:39,Fur ball,11,79,0.3,Confusion
2025-05-27 오후 3:35:41,Sponge ball,26,80,0.5,Confusion
2025-05-27 오후 3:35:41,Sponge ball,27,81,0.5,Confusion
2025-05-27 오후 3:35:44,Sponge ball,28,82,0.5,Confusion
2025-05-27 오후 3:35:45,Fur ball,12,83,0.3,Confusion
2025-05-27 오후 3:35:46,Sponge ball,29,84,0.5,Confusion
2025-05-27 오후 3:35:49,Sponge ball,30,85,0.5,Confusion
2025-05-27 오후 3:35:51,Fur ball,13,86,0.3,Confusion
2025-05-27 오후 3:35:51,Fur ball,14,87,0.3,Confusion
2025-05-27 오후 3:35:54,Steal ball,21,88,1,Confusion
2025-05-27 오후 3:35:55,Steal ball,22,89,1,Confusion
2025-05-27 오후 3:35:55,Steal ball,23,90,1,Confusion
2025-05-27 오후 3:35:56,Steal ball,24,91,1,Confusion
2025-05-27 오후 3:35:56,Steal ball,25,92,1,Confusion
2025-05-27 오후 3:35:57,Steal ball,26,93,1,Confusion
2025-05-27 오후 3:35:57,Steal ball,27,94,1,Confusion
2025-05-27 오후 3:35:59,BaseBall,15,95,0.1,Confusion
2025-05-27 오후 3:35:59,BaseBall,16,96,0.1,Confusion
2025-05-27 오후 3:36:00,BaseBall,17,97,0.1,Confusion
2025-05-27 오후 3:36:03,Sponge ball,31,98,0.5,Confusion
2025-05-27 오후 3:36:05,Fur ball,15,99,0.3,Confusion
2025-05-27 오후 3:36:05,Fur ball,16,100,0.3,Confusion
2025-05-27 오후 3:36:11,Fur ball,17,101,0.3,Confusion
2025-05-27 오후 3:36:13,Sponge ball,32,102,0.5,Confusion
2025-05-27 오후 3:36:14,Sponge ball,33,103,0.5,Confusion
2025-05-27 오후 3:36:14,Sponge ball,34,104,0.5,Confusion
2025-05-27 오후 3:36:16,BaseBall,18,105,0.1,Confusion
2025-05-27 오후 3:36:19,Steal ball,28,106,1,Confusion
2025-05-27 오후 3:36:21,Fur ball,18,107,0.3,Confusion
2025-05-27 오후 3:36:23,Steal ball,29,108,1,Confusion
2025-05-27 오후 3:36:26,Sponge ball,35,109,0.5,Confusion
2025-05-27 오후 3:36:26,Sponge ball,36,110,0.5,Confusion
2025-05-27 오후 3:36:26,Sponge ball,37,111,0.5,Confusion
2025-05-27 오후 3:36:26,Sponge ball,38,112,0.5,Confusion
2025-05-27 오후 3:36:27,Sponge ball,39,113,0.5,Confusion
2025-05-27 오후 3:36:29,Steal ball,30,114,1,Confusion
2025-05-27 오후 3:36:30,Steal ball,31,115,1,Confusion
2025-05-27 오후 3:36:31,Steal ball,32,116,1,Confusion
2025-05-27 오후 3:36:31,Steal ball,33,117,1,Confusion
2025-05-27 오후 3:36:32,Sponge ball,40,118,0.5,Confusion
2025-05-27 오후 3:36:33,Sponge ball,41,119,0.5,Confusion
2025-05-27 오후 3:36:33,Sponge ball,42,120,0.5,Confusion
2025-05-27 오후 3:36:33,Sponge ball,43,121,0.5,Confusion
2025-05-27 오후 3:36:34,Sponge ball,44,122,0.5,Confusion
2025-05-27 오후 3:36:36,Steal ball,34,123,1,Confusion
2025-05-27 오후 3:36:36,Steal ball,35,124,1,Confusion
2025-05-27 오후 3:36:52,BaseBall,19,125,0.1,Confusion
2025-05-27 오후 3:36:52,BaseBall,20,126,0.1,Confusion
2025-05-27 오후 3:36:53,BaseBall,21,127,0.1,Confusion
2025-05-27 오후 3:36:53,BaseBall,22,128,0.1,Confusion
2025-05-27 오후 3:36:54,BaseBall,23,129,0.1,Confusion
2025-05-27 오후 3:36:54,BaseBall,24,130,0.1,Confusion
2025-05-27 오후 3:36:55,BaseBall,25,131,0.1,Confusion
2025-05-27 오후 3:36:56,Steal ball,36,132,1,Confusion
2025-05-27 오후 3:36:57,Steal ball,37,133,1,Confusion
2025-05-27 오후 3:36:57,Steal ball,38,134,1,Confusion
2025-05-27 오후 3:36:58,Steal ball,39,135,1,Confusion
2025-05-27 오후 3:36:58,Steal ball,40,136,1,Confusion
2025-05-27 오후 3:36:59,Steal ball,41,137,1,Confusion
2025-05-27 오후 3:37:01,Sponge ball,45,138,0.5,Confusion
2025-05-27 오후 3:37:02,Sponge ball,46,139,0.5,Confusion
2025-05-27 오후 3:37:02,Sponge ball,47,140,0.5,Confusion
2025-05-27 오후 3:37:02,Sponge ball,48,141,0.5,Confusion
2025-05-27 오후 3:37:03,Sponge ball,49,142,0.5,Confusion
2025-05-27 오후 3:37:04,Sponge ball,50,143,0.5,Confusion
2025-05-27 오후 3:37:07,Fur ball,19,144,0.3,Confusion
2025-05-27 오후 3:37:09,Fur ball,20,145,0.3,Confusion
2025-05-27 오후 3:37:18,Steal ball,1,1,1,Material
2025-05-27 오후 3:37:24,Steal ball,2,2,1,Material
2025-05-27 오후 3:37:28,bouncy ball,1,3,0.3,Material
2025-05-27 오후 3:37:30,bouncy ball,2,4,0.3,Material
2025-05-27 오후 3:37:31,bouncy ball,3,5,0.3,Material
2025-05-27 오후 3:37:32,bouncy ball,4,6,0.3,Material
2025-05-27 오후 3:37:33,Steal ball,3,7,1,Material
2025-05-27 오후 3:37:33,Steal ball,4,8,1,Material
2025-05-27 오후 3:37:35,BaseBall,1,9,0.5,Material
2025-05-27 오후 3:37:35,BaseBall,2,10,0.5,Material
2025-05-27 오후 3:37:37,BaseBall,3,11,0.5,Material
2025-05-27 오후 3:37:38,BaseBall,4,12,0.5,Material
2025-05-27 오후 3:37:38,BaseBall,5,13,0.5,Material
2025-05-27 오후 3:37:39,BaseBall,6,14,0.5,Material
2025-05-27 오후 3:37:39,BaseBall,7,15,0.5,Material
2025-05-27 오후 3:37:40,BaseBall,8,16,0.5,Material
2025-05-27 오후 3:37:41,Steal ball,5,17,1,Material
2025-05-27 오후 3:37:41,Steal ball,6,18,1,Material
2025-05-27 오후 3:37:44,bouncy ball,5,19,0.3,Material
2025-05-27 오후 3:37:44,bouncy ball,6,20,0.3,Material
2025-05-27 오후 3:37:47,BaseBall,9,21,0.5,Material
2025-05-27 오후 3:37:47,BaseBall,10,22,0.5,Material
2025-05-27 오후 3:37:48,BaseBall,11,23,0.5,Material
2025-05-27 오후 3:37:49,BaseBall,12,24,0.5,Material
2025-05-27 오후 3:37:50,BaseBall,13,25,0.5,Material
2025-05-27 오후 3:37:52,BaseBall,14,26,0.5,Material
2025-05-27 오후 3:37:52,BaseBall,15,27,0.5,Material
2025-05-27 오후 3:37:53,BaseBall,16,28,0.5,Material
2025-05-27 오후 3:37:53,BaseBall,17,29,0.5,Material
2025-05-27 오후 3:37:55,Steal ball,7,30,1,Material
2025-05-27 오후 3:37:55,Steal ball,8,31,1,Material
2025-05-27 오후 3:37:56,BaseBall,18,32,0.5,Material
2025-05-27 오후 3:37:57,BaseBall,19,33,0.5,Material
2025-05-27 오후 3:37:57,BaseBall,20,34,0.5,Material
2025-05-27 오후 3:37:59,Steal ball,9,35,1,Material
2025-05-27 오후 3:38:01,BaseBall,21,36,0.5,Material
2025-05-27 오후 3:38:03,bouncy ball,7,37,0.3,Material
2025-05-27 오후 3:38:05,bouncy ball,8,38,0.3,Material
2025-05-27 오후 3:38:07,Sponge ball,1,39,0.1,Material
2025-05-27 오후 3:38:07,Sponge ball,2,40,0.1,Material
2025-05-27 오후 3:38:08,Sponge ball,3,41,0.1,Material
2025-05-27 오후 3:38:09,bouncy ball,9,42,0.3,Material
2025-05-27 오후 3:38:09,bouncy ball,10,43,0.3,Material
2025-05-27 오후 3:38:10,bouncy ball,11,44,0.3,Material
2025-05-27 오후 3:38:12,Fur ball,1,45,0,Material
2025-05-27 오후 3:38:12,Fur ball,2,46,0,Material
2025-05-27 오후 3:38:13,Fur ball,3,47,0,Material
2025-05-27 오후 3:38:15,Sponge ball,4,48,0.1,Material
2025-05-27 오후 3:38:16,Sponge ball,5,49,0.1,Material
2025-05-27 오후 3:38:17,bouncy ball,12,50,0.3,Material
2025-05-27 오후 3:38:19,BaseBall,22,51,0.5,Material
2025-05-27 오후 3:38:21,Steal ball,10,52,1,Material
2025-05-27 오후 3:38:41,Sponge ball,6,53,0.1,Material
2025-05-27 오후 3:38:42,Sponge ball,7,54,0.1,Material
2025-05-27 오후 3:38:43,Sponge ball,8,55,0.1,Material
2025-05-27 오후 3:38:44,Sponge ball,9,56,0.1,Material
2025-05-27 오후 3:38:44,Sponge ball,10,57,0.1,Material
2025-05-27 오후 3:38:45,Sponge ball,11,58,0.1,Material
2025-05-27 오후 3:38:45,Sponge ball,12,59,0.1,Material
2025-05-27 오후 3:38:45,Sponge ball,13,60,0.1,Material
2025-05-27 오후 3:38:46,Sponge ball,14,61,0.1,Material
2025-05-27 오후 3:38:46,Sponge ball,15,62,0.1,Material
2025-05-27 오후 3:38:46,Sponge ball,16,63,0.1,Material
2025-05-27 오후 3:38:47,Sponge ball,17,64,0.1,Material
2025-05-27 오후 3:38:49,bouncy ball,13,65,0.3,Material
2025-05-27 오후 3:38:49,bouncy ball,14,66,0.3,Material
2025-05-27 오후 3:38:50,bouncy ball,15,67,0.3,Material
2025-05-27 오후 3:38:51,bouncy ball,16,68,0.3,Material
2025-05-27 오후 3:38:53,BaseBall,23,69,0.5,Material
2025-05-27 오후 3:38:58,BaseBall,24,70,0.5,Material
2025-05-27 오후 3:38:59,BaseBall,25,71,0.5,Material
2025-05-27 오후 3:38:59,BaseBall,26,72,0.5,Material
2025-05-27 오후 3:38:59,BaseBall,27,73,0.5,Material
2025-05-27 오후 3:39:00,BaseBall,28,74,0.5,Material
2025-05-27 오후 3:39:00,BaseBall,29,75,0.5,Material
2025-05-27 오후 3:39:00,BaseBall,30,76,0.5,Material
2025-05-27 오후 3:39:02,Steal ball,11,77,1,Material
2025-05-27 오후 3:39:04,Steal ball,12,78,1,Material
2025-05-27 오후 3:39:13,Steal ball,1,1,1,Material
2025-05-27 오후 3:39:14,Steal ball,2,2,1,Material
2025-05-27 오후 3:39:19,Sponge ball,1,3,0.1,Material
2025-05-27 오후 3:39:21,Sponge ball,2,4,0.1,Material
2025-05-27 오후 3:39:23,Sponge ball,3,5,0.1,Material
2025-05-27 오후 3:39:24,Sponge ball,4,6,0.1,Material
2025-05-27 오후 3:39:24,Sponge ball,5,7,0.1,Material
2025-05-27 오후 3:39:26,bouncy ball,1,8,0.3,Material
2025-05-27 오후 3:39:26,bouncy ball,2,9,0.3,Material
2025-05-27 오후 3:39:28,Sponge ball,6,10,0.1,Material
2025-05-27 오후 3:39:29,Sponge ball,7,11,0.1,Material
2025-05-27 오후 3:39:30,bouncy ball,3,12,0.3,Material
2025-05-27 오후 3:39:33,Steal ball,3,13,1,Material
2025-05-27 오후 3:39:33,Steal ball,4,14,1,Material
2025-05-27 오후 3:39:34,Steal ball,5,15,1,Material
2025-05-27 오후 3:39:36,Steal ball,6,16,1,Material
2025-05-27 오후 3:39:39,bouncy ball,4,17,0.3,Material
2025-05-27 오후 3:39:39,bouncy ball,5,18,0.3,Material
2025-05-27 오후 3:39:41,bouncy ball,6,19,0.3,Material
2025-05-27 오후 3:39:42,bouncy ball,7,20,0.3,Material
2025-05-27 오후 3:39:42,Sponge ball,8,21,0.1,Material
2025-05-27 오후 3:39:47,BaseBall,1,22,0.5,Material
2025-05-27 오후 3:39:49,BaseBall,2,23,0.5,Material
2025-05-27 오후 3:39:51,Fur ball,1,24,0,Material
2025-05-27 오후 3:39:53,Fur ball,2,25,0,Material
2025-05-27 오후 3:39:56,Sponge ball,9,26,0.1,Material
2025-05-27 오후 3:39:57,Sponge ball,10,27,0.1,Material
2025-05-27 오후 3:39:59,bouncy ball,8,28,0.3,Material
2025-05-27 오후 3:40:02,BaseBall,3,29,0.5,Material
2025-05-27 오후 3:40:04,Steal ball,7,30,1,Material
2025-05-27 오후 3:40:05,Steal ball,8,31,1,Material
2025-05-27 오후 3:40:06,Sponge ball,11,32,0.1,Material
2025-05-27 오후 3:40:13,Fur ball,3,33,0,Material
2025-05-27 오후 3:40:15,Fur ball,4,34,0,Material
2025-05-27 오후 3:40:21,Sponge ball,12,35,0.1,Material
2025-05-27 오후 3:40:21,Sponge ball,13,36,0.1,Material
2025-05-27 오후 3:40:22,Sponge ball,14,37,0.1,Material
2025-05-27 오후 3:40:23,Sponge ball,15,38,0.1,Material
2025-05-27 오후 3:40:25,bouncy ball,9,39,0.3,Material
2025-05-27 오후 3:40:29,BaseBall,4,40,0.5,Material
2025-05-27 오후 3:40:30,BaseBall,5,41,0.5,Material
2025-05-27 오후 3:40:31,BaseBall,6,42,0.5,Material
2025-05-27 오후 3:40:33,Steal ball,9,43,1,Material
2025-05-27 오후 3:40:34,Steal ball,10,44,1,Material
2025-05-27 오후 3:40:35,Steal ball,11,45,1,Material
2025-05-27 오후 3:40:36,Steal ball,12,46,1,Material
2025-05-27 오후 3:40:42,30,1,1,0.3,NoMaterial
2025-05-27 오후 3:40:43,30,2,2,0.3,NoMaterial
2025-05-27 오후 3:40:43,30,3,3,0.3,NoMaterial
2025-05-27 오후 3:40:44,30,4,4,0.3,NoMaterial
2025-05-27 오후 3:40:45,30,5,5,0.3,NoMaterial
2025-05-27 오후 3:40:46,30,6,6,0.3,NoMaterial
2025-05-27 오후 3:40:47,30,7,7,0.3,NoMaterial
2025-05-27 오후 3:40:49,100,1,8,1,NoMaterial
2025-05-27 오후 3:40:49,100,2,9,1,NoMaterial
2025-05-27 오후 3:40:50,100,3,10,1,NoMaterial
2025-05-27 오후 3:40:50,100,4,11,1,NoMaterial
2025-05-27 오후 3:40:51,100,5,12,1,NoMaterial
2025-05-27 오후 3:40:52,100,6,13,1,NoMaterial
2025-05-27 오후 3:40:53,30,8,14,0.3,NoMaterial
2025-05-27 오후 3:40:53,30,9,15,0.3,NoMaterial
2025-05-27 오후 3:40:54,100,7,16,1,NoMaterial
2025-05-27 오후 3:40:55,100,8,17,1,NoMaterial
2025-05-27 오후 3:40:55,100,9,18,1,NoMaterial
2025-05-27 오후 3:40:56,100,10,19,1,NoMaterial
2025-05-27 오후 3:40:57,30,10,20,0.3,NoMaterial
2025-05-27 오후 3:40:57,30,11,21,0.3,NoMaterial
2025-05-27 오후 3:40:58,10,1,22,0.1,NoMaterial
2025-05-27 오후 3:40:59,10,2,23,0.1,NoMaterial
2025-05-27 오후 3:41:01,10,3,24,0.1,NoMaterial
2025-05-27 오후 3:41:03,0,1,25,0,NoMaterial
2025-05-27 오후 3:41:03,0,2,26,0,NoMaterial
2025-05-27 오후 3:41:04,0,3,27,0,NoMaterial
2025-05-27 오후 3:41:05,50,1,28,0.5,NoMaterial
2025-05-27 오후 3:41:05,50,2,29,0.5,NoMaterial
2025-05-27 오후 3:41:06,0,4,30,0,NoMaterial
2025-05-27 오후 3:41:08,10,4,31,0.1,NoMaterial
2025-05-27 오후 3:41:10,50,3,32,0.5,NoMaterial
2025-05-27 오후 3:41:11,50,4,33,0.5,NoMaterial
2025-05-27 오후 3:41:11,50,5,34,0.5,NoMaterial
2025-05-27 오후 3:41:12,50,6,35,0.5,NoMaterial
2025-05-27 오후 3:41:12,50,7,36,0.5,NoMaterial
2025-05-27 오후 3:41:13,50,8,37,0.5,NoMaterial
2025-05-27 오후 3:41:16,30,12,38,0.3,NoMaterial
2025-05-27 오후 3:41:17,30,13,39,0.3,NoMaterial
2025-05-27 오후 3:41:18,30,14,40,0.3,NoMaterial
2025-05-27 오후 3:41:19,50,9,41,0.5,NoMaterial
2025-05-27 오후 3:41:20,50,10,42,0.5,NoMaterial
2025-05-27 오후 3:41:21,100,11,43,1,NoMaterial
2025-05-27 오후 3:41:22,100,12,44,1,NoMaterial
2025-05-27 오후 3:41:23,100,13,45,1,NoMaterial
2025-05-27 오후 3:41:23,100,14,46,1,NoMaterial
2025-05-27 오후 3:41:27,30,15,47,0.3,NoMaterial
2025-05-27 오후 3:41:28,30,16,48,0.3,NoMaterial
2025-05-27 오후 3:41:28,50,11,49,0.5,NoMaterial
2025-05-27 오후 3:41:31,30,17,50,0.3,NoMaterial
