2025-03-25 오후 7:08:48,BaseBall,1,1
2025-03-25 오후 7:08:50,Sponge ball,1,2
2025-03-25 오후 7:08:51,Sponge ball,2,3
2025-03-25 오후 7:08:53,bouncy ball,1,4
2025-03-25 오후 7:08:56,Steal ball,1,5
2025-03-25 오후 7:08:59,Fur ball,1,6
2025-03-25 오후 7:09:02,bouncy ball,2,7
2025-03-25 오후 7:09:04,BaseBall,2,8
2025-03-25 오후 7:09:08,Sponge ball,3,9
2025-03-25 오후 7:09:11,Fur ball,2,10
2025-03-25 오후 7:09:19,Fur ball,3,11
2025-03-25 오후 7:09:21,Sponge ball,4,12
2025-03-25 오후 7:09:22,Fur ball,4,13
2025-03-25 오후 7:09:24,BaseBall,3,14
2025-03-25 오후 7:09:25,bouncy ball,3,15
2025-03-25 오후 7:09:27,bouncy ball,4,16
2025-03-25 오후 7:09:29,Steal ball,2,17
2025-03-25 오후 7:09:29,Steal ball,3,18
2025-03-25 오후 7:09:36,Sponge ball,1,1
2025-03-25 오후 7:09:38,Sponge ball,2,2
2025-03-25 오후 7:09:40,Steal ball,1,3
2025-03-25 오후 7:09:42,bouncy ball,1,4
2025-03-25 오후 7:09:43,bouncy ball,2,5
2025-03-25 오후 7:09:44,bouncy ball,3,6
2025-03-25 오후 7:09:47,Steal ball,2,7
2025-03-25 오후 7:09:48,Steal ball,3,8
2025-03-25 오후 7:09:48,Steal ball,4,9
2025-03-25 오후 7:09:48,Steal ball,5,10
2025-03-25 오후 7:09:49,Steal ball,6,11
2025-03-25 오후 7:09:50,Steal ball,7,12
2025-03-25 오후 7:09:50,Steal ball,8,13
2025-03-25 오후 7:09:52,Steal ball,9,14
2025-03-25 오후 7:09:56,bouncy ball,4,15
2025-03-25 오후 7:09:57,BaseBall,1,16
2025-03-25 오후 7:10:00,BaseBall,2,17
2025-03-25 오후 7:10:02,BaseBall,3,18
2025-03-25 오후 7:10:04,Steal ball,10,19
2025-03-25 오후 7:10:12,Sponge ball,3,20
2025-03-25 오후 7:10:13,Fur ball,1,21
2025-03-25 오후 7:10:15,Sponge ball,4,22
2025-03-25 오후 7:10:17,BaseBall,4,23
2025-03-25 오후 7:10:19,BaseBall,5,24
2025-03-25 오후 7:10:20,bouncy ball,5,25
2025-03-25 오후 7:10:20,bouncy ball,6,26
2025-03-25 오후 7:10:22,BaseBall,6,27
2025-03-25 오후 7:10:23,BaseBall,7,28
2025-03-25 오후 7:10:24,bouncy ball,7,29
2025-03-25 오후 7:10:24,bouncy ball,8,30
2025-03-25 오후 7:10:26,BaseBall,8,31
2025-03-25 오후 7:10:27,BaseBall,9,32
2025-03-25 오후 7:10:29,bouncy ball,9,33
2025-03-25 오후 7:10:29,bouncy ball,10,34
2025-03-25 오후 7:10:30,bouncy ball,11,35
2025-03-25 오후 7:10:31,bouncy ball,12,36
2025-03-25 오후 7:10:31,bouncy ball,13,37
2025-03-25 오후 7:10:33,BaseBall,10,38
2025-03-25 오후 7:10:33,BaseBall,11,39
2025-03-25 오후 7:10:36,bouncy ball,14,40
2025-03-25 오후 7:10:49,50,1,1
2025-03-25 오후 7:10:51,10,1,2
2025-03-25 오후 7:10:53,100,1,3
2025-03-25 오후 7:10:56,30,1,4
2025-03-25 오후 7:10:58,0,1,5
2025-03-25 오후 7:11:00,0,2,6
2025-03-25 오후 7:11:06,100,2,7
2025-03-25 오후 7:11:08,10,2,8
2025-03-25 오후 7:11:09,50,2,9
2025-03-25 오후 7:11:11,50,3,10
2025-03-25 오후 7:11:13,50,4,11
2025-03-25 오후 7:11:14,50,5,12
2025-03-25 오후 7:11:16,100,3,13
2025-03-25 오후 7:11:21,100,4,14
2025-03-25 오후 7:11:23,10,3,15
2025-03-25 오후 7:11:23,10,4,16
2025-03-25 오후 7:11:24,10,5,17
2025-03-25 오후 7:11:26,10,6,18
2025-03-25 오후 7:11:28,100,5,19
2025-03-25 오후 7:11:28,100,6,20
2025-03-25 오후 7:11:29,50,6,21
2025-03-25 오후 7:11:30,50,7,22
2025-03-25 오후 7:11:32,100,7,23
2025-03-25 오후 7:11:32,100,8,24
2025-03-25 오후 7:11:34,10,7,25
2025-03-25 오후 7:11:34,10,8,26
2025-03-25 오후 7:11:50,bouncy ball,1,1
2025-03-25 오후 7:11:50,bouncy ball,2,2
2025-03-25 오후 7:11:52,bouncy ball,3,3
2025-03-25 오후 7:11:54,Steal ball,1,4
2025-03-25 오후 7:11:56,Steal ball,2,5
2025-03-25 오후 7:11:57,Sponge ball,1,6
2025-03-25 오후 7:11:58,Sponge ball,2,7
2025-03-25 오후 7:11:59,Sponge ball,3,8
2025-03-25 오후 7:12:01,Sponge ball,4,9
2025-03-25 오후 7:12:03,BaseBall,1,10
2025-03-25 오후 7:12:06,Fur ball,1,11
2025-03-25 오후 7:12:09,Steal ball,3,12
2025-03-25 오후 7:12:13,Sponge ball,5,13
2025-03-25 오후 7:12:16,Sponge ball,6,14
2025-03-25 오후 7:12:17,Sponge ball,7,15
2025-03-25 오후 7:12:19,bouncy ball,4,16
2025-03-25 오후 7:12:21,BaseBall,2,17
2025-03-25 오후 7:12:24,Steal ball,4,18
2025-03-25 오후 7:12:26,Steal ball,5,19
2025-03-25 오후 7:12:30,BaseBall,3,20
2025-03-25 오후 7:12:35,BaseBall,4,21
2025-03-25 오후 7:12:38,bouncy ball,5,22
2025-03-25 오후 7:12:38,bouncy ball,6,23
2025-03-25 오후 7:12:40,Sponge ball,8,24
2025-03-25 오후 7:12:40,Sponge ball,9,25
2025-03-25 오후 7:12:45,Sponge ball,10,26
2025-03-25 오후 7:12:49,Steal ball,6,27
2025-03-25 오후 7:12:55,BaseBall,5,28
2025-03-25 오후 7:12:57,Sponge ball,11,29
2025-03-25 오후 7:13:08,bouncy ball,7,30
2025-03-25 오후 7:13:17,Steal ball,7,31
2025-03-25 오후 7:13:17,Steal ball,8,32
2025-03-25 오후 7:13:19,bouncy ball,8,33
2025-03-25 오후 7:13:22,Sponge ball,12,34
2025-03-25 오후 7:13:22,Sponge ball,13,35
2025-03-25 오후 7:13:25,BaseBall,6,36
2025-03-25 오후 7:13:26,BaseBall,7,37
2025-03-25 오후 7:13:27,BaseBall,8,38
2025-03-25 오후 7:13:29,bouncy ball,9,39
2025-03-25 오후 7:13:30,bouncy ball,10,40
2025-03-25 오후 7:13:33,Steal ball,9,41
2025-03-25 오후 7:13:33,Steal ball,10,42
2025-03-25 오후 7:13:36,Steal ball,11,43
2025-03-25 오후 7:13:37,bouncy ball,11,44
2025-03-25 오후 7:13:39,Steal ball,12,45
2025-03-25 오후 7:13:41,BaseBall,9,46
2025-03-25 오후 7:13:51,30,1,1
2025-03-25 오후 7:13:52,100,1,2
2025-03-25 오후 7:13:54,50,1,3
2025-03-25 오후 7:13:55,10,1,4
2025-03-25 오후 7:13:57,10,2,5
2025-03-25 오후 7:13:58,0,1,6
2025-03-25 오후 7:13:58,0,2,7
2025-03-25 오후 7:14:00,0,3,8
2025-03-25 오후 7:14:04,0,4,9
2025-03-25 오후 7:14:06,0,5,10
2025-03-25 오후 7:14:08,0,6,11
2025-03-25 오후 7:14:08,0,7,12
2025-03-25 오후 7:14:09,0,8,13
2025-03-25 오후 7:14:11,10,3,14
2025-03-25 오후 7:14:13,10,4,15
2025-03-25 오후 7:14:14,10,5,16
2025-03-25 오후 7:14:15,30,2,17
2025-03-25 오후 7:14:16,50,2,18
2025-03-25 오후 7:14:16,50,3,19
2025-03-25 오후 7:14:20,30,3,20
2025-03-25 오후 7:14:20,30,4,21
2025-03-25 오후 7:14:22,100,2,22
2025-03-25 오후 7:14:23,100,3,23
2025-03-25 오후 7:14:24,100,4,24
2025-03-25 오후 7:14:25,30,5,25
2025-03-25 오후 7:14:27,50,4,26
2025-03-25 오후 7:14:27,50,5,27
2025-03-25 오후 7:14:29,100,5,28
2025-03-25 오후 7:14:29,100,6,29
2025-03-25 오후 7:14:36,BaseBall,1,1
2025-03-25 오후 7:14:38,bouncy ball,1,2
2025-03-25 오후 7:14:39,bouncy ball,2,3
2025-03-25 오후 7:14:42,Steal ball,1,4
2025-03-25 오후 7:14:43,Steal ball,2,5
2025-03-25 오후 7:14:44,Sponge ball,1,6
2025-03-25 오후 7:14:45,Sponge ball,2,7
2025-03-25 오후 7:14:46,Sponge ball,3,8
2025-03-25 오후 7:14:47,Fur ball,1,9
2025-03-25 오후 7:14:50,BaseBall,2,10
2025-03-25 오후 7:14:51,BaseBall,3,11
2025-03-25 오후 7:14:53,Steal ball,3,12
2025-03-25 오후 7:14:54,bouncy ball,3,13
2025-03-25 오후 7:14:56,BaseBall,4,14
2025-03-25 오후 7:15:00,Sponge ball,4,15
2025-03-25 오후 7:15:01,Sponge ball,5,16
2025-03-25 오후 7:15:03,Sponge ball,6,17
2025-03-25 오후 7:15:05,Steal ball,4,18
2025-03-25 오후 7:15:08,bouncy ball,4,19
2025-03-25 오후 7:15:10,bouncy ball,5,20
2025-03-25 오후 7:15:12,bouncy ball,6,21
2025-03-25 오후 7:15:14,Steal ball,5,22
2025-03-25 오후 7:15:21,Steal ball,6,23
2025-03-25 오후 7:15:25,bouncy ball,7,24
2025-03-25 오후 7:15:26,Steal ball,7,25
2025-03-25 오후 7:15:28,bouncy ball,8,26
2025-03-25 오후 7:15:29,Sponge ball,7,27
2025-03-25 오후 7:15:41,Fur ball,1,1
2025-03-25 오후 7:15:43,BaseBall,1,2
2025-03-25 오후 7:15:43,Steal ball,1,3
2025-03-25 오후 7:15:46,Sponge ball,1,4
2025-03-25 오후 7:15:47,Sponge ball,2,5
2025-03-25 오후 7:15:48,BaseBall,2,6
2025-03-25 오후 7:15:52,bouncy ball,1,7
2025-03-25 오후 7:15:54,Fur ball,2,8
2025-03-25 오후 7:15:57,BaseBall,3,9
2025-03-25 오후 7:15:59,Sponge ball,3,10
2025-03-25 오후 7:16:00,Sponge ball,4,11
2025-03-25 오후 7:16:02,Sponge ball,5,12
2025-03-25 오후 7:16:04,BaseBall,4,13
2025-03-25 오후 7:16:05,BaseBall,5,14
2025-03-25 오후 7:16:06,Sponge ball,6,15
2025-03-25 오후 7:16:08,BaseBall,6,16
2025-03-25 오후 7:16:09,bouncy ball,2,17
2025-03-25 오후 7:16:15,bouncy ball,3,18
2025-03-25 오후 7:16:17,bouncy ball,4,19
2025-03-25 오후 7:16:19,bouncy ball,5,20
2025-03-25 오후 7:16:24,bouncy ball,6,21
2025-03-25 오후 7:16:25,BaseBall,7,22
2025-03-25 오후 7:16:32,BaseBall,8,23
2025-03-25 오후 7:16:37,BaseBall,9,24
2025-03-25 오후 7:16:41,bouncy ball,7,25
2025-03-25 오후 7:16:42,bouncy ball,8,26
2025-03-25 오후 7:16:44,bouncy ball,9,27
2025-03-25 오후 7:16:45,BaseBall,10,28
2025-03-25 오후 7:16:47,bouncy ball,10,29
2025-03-25 오후 7:16:48,bouncy ball,11,30
2025-03-25 오후 7:16:49,BaseBall,11,31
2025-03-25 오후 7:16:52,Steal ball,2,32
2025-03-25 오후 7:16:53,Steal ball,3,33
2025-03-25 오후 7:16:55,Steal ball,4,34
2025-03-25 오후 7:16:56,BaseBall,12,35
2025-03-25 오후 7:16:57,BaseBall,13,36
2025-03-25 오후 7:16:58,Steal ball,5,37
2025-03-25 오후 7:17:00,Steal ball,6,38
2025-03-25 오후 7:17:01,bouncy ball,12,39
2025-03-25 오후 7:17:02,bouncy ball,13,40
2025-03-25 오후 7:17:04,Steal ball,7,41
2025-03-25 오후 7:17:06,BaseBall,14,42
2025-03-25 오후 7:17:06,BaseBall,15,43
2025-03-25 오후 7:31:33,50,1,1
2025-03-25 오후 7:31:36,50,2,2
2025-03-25 오후 7:31:39,10,1,3
2025-03-25 오후 7:31:40,10,2,4
2025-03-25 오후 7:31:42,100,1,5
2025-03-25 오후 7:31:42,100,2,6
2025-03-25 오후 7:31:46,100,3,7
2025-03-25 오후 7:31:49,50,3,8
2025-03-25 오후 7:31:56,50,4,9
2025-03-25 오후 7:31:56,50,5,10
2025-03-25 오후 7:31:57,30,1,11
2025-03-25 오후 7:31:58,30,2,12
2025-03-25 오후 7:31:58,30,3,13
2025-03-25 오후 7:31:59,30,4,14
2025-03-25 오후 7:31:59,30,5,15
2025-03-25 오후 7:32:02,30,6,16
2025-03-25 오후 7:32:04,30,7,17
2025-03-25 오후 7:32:05,30,8,18
2025-03-25 오후 7:32:06,30,9,19
2025-03-25 오후 7:32:07,30,10,20
2025-03-25 오후 7:32:07,30,11,21
2025-03-25 오후 7:32:10,0,1,22
2025-03-25 오후 7:32:10,0,2,23
2025-03-25 오후 7:32:12,10,3,24
2025-03-25 오후 7:32:12,10,4,25
2025-03-25 오후 7:32:14,10,5,26
2025-03-25 오후 7:32:17,10,6,27
2025-03-25 오후 7:32:20,10,7,28
2025-03-25 오후 7:32:24,10,8,29
2025-03-25 오후 7:32:29,10,9,30
2025-03-25 오후 7:32:31,0,3,31
2025-03-25 오후 7:32:33,10,10,32
2025-03-25 오후 7:32:35,50,6,33
2025-03-25 오후 7:32:38,30,12,34
2025-03-25 오후 7:32:47,100,4,35
2025-03-25 오후 7:32:51,50,7,36
2025-03-25 오후 7:32:54,100,5,37
2025-03-25 오후 7:32:58,30,13,38
2025-03-25 오후 7:33:03,100,6,39
2025-03-25 오후 7:33:06,100,7,40
2025-03-25 오후 7:33:06,100,8,41
2025-03-25 오후 7:33:08,30,14,42
2025-03-25 오후 7:33:10,50,8,43
2025-03-25 오후 7:33:20,10,1,1
2025-03-25 오후 7:33:22,0,1,2
2025-03-25 오후 7:33:24,50,1,3
2025-03-25 오후 7:33:27,30,1,4
2025-03-25 오후 7:33:29,0,2,5
2025-03-25 오후 7:33:32,10,2,6
2025-03-25 오후 7:33:34,30,2,7
2025-03-25 오후 7:33:34,30,3,8
2025-03-25 오후 7:33:36,30,4,9
2025-03-25 오후 7:33:37,10,3,10
2025-03-25 오후 7:33:40,10,4,11
2025-03-25 오후 7:33:43,30,5,12
2025-03-25 오후 7:33:44,30,6,13
2025-03-25 오후 7:33:58,50,2,14
2025-03-25 오후 7:34:00,100,1,15
2025-03-25 오후 7:34:01,100,2,16
2025-03-25 오후 7:34:04,100,3,17
2025-03-25 오후 7:34:06,50,3,18
2025-03-25 오후 7:34:07,50,4,19
2025-03-25 오후 7:34:12,50,5,20
2025-03-25 오후 7:34:17,100,4,21
2025-03-25 오후 7:34:24,50,6,22
2025-03-25 오후 7:34:26,50,7,23
2025-03-25 오후 7:34:28,100,5,24
2025-03-25 오후 7:34:29,100,6,25
2025-03-25 오후 7:34:31,50,8,26
2025-03-25 오후 7:34:33,100,7,27
2025-03-25 오후 7:34:42,0,1,1
2025-03-25 오후 7:34:45,10,1,2
2025-03-25 오후 7:34:48,0,2,3
2025-03-25 오후 7:34:49,10,2,4
2025-03-25 오후 7:34:52,50,1,5
2025-03-25 오후 7:34:54,100,1,6
2025-03-25 오후 7:34:55,100,2,7
2025-03-25 오후 7:34:59,50,2,8
2025-03-25 오후 7:35:01,100,3,9
2025-03-25 오후 7:35:08,30,1,10
2025-03-25 오후 7:35:10,50,3,11
2025-03-25 오후 7:35:12,50,4,12
2025-03-25 오후 7:35:14,0,3,13
2025-03-25 오후 7:35:16,10,3,14
2025-03-25 오후 7:35:18,10,4,15
2025-03-25 오후 7:35:19,0,4,16
2025-03-25 오후 7:35:20,0,5,17
2025-03-25 오후 7:35:25,10,5,18
