2025-03-26 오전 10:19:12,50,1,1
2025-03-26 오전 10:19:16,100,1,2
2025-03-26 오전 10:19:18,0,1,3
2025-03-26 오전 10:19:18,0,2,4
2025-03-26 오전 10:19:19,0,3,5
2025-03-26 오전 10:19:47,10,1,6
2025-03-26 오전 10:19:50,30,1,7
2025-03-26 오전 10:19:55,10,2,8
2025-03-26 오전 10:19:57,30,2,9
2025-03-26 오전 10:19:59,10,3,10
2025-03-26 오전 10:20:01,10,4,11
2025-03-26 오전 10:20:03,30,3,12
2025-03-26 오전 10:20:05,10,5,13
2025-03-26 오전 10:20:07,10,6,14
2025-03-26 오전 10:20:09,10,7,15
2025-03-26 오전 10:20:10,10,8,16
2025-03-26 오전 10:20:12,30,4,17
2025-03-26 오전 10:20:12,30,5,18
2025-03-26 오전 10:20:13,30,6,19
2025-03-26 오전 10:20:13,30,7,20
2025-03-26 오전 10:20:14,50,2,21
2025-03-26 오전 10:20:15,50,3,22
2025-03-26 오전 10:20:17,50,4,23
2025-03-26 오전 10:20:19,100,2,24
2025-03-26 오전 10:20:22,50,5,25
2025-03-26 오전 10:20:24,30,8,26
2025-03-26 오전 10:20:28,10,9,27
2025-03-26 오전 10:20:30,50,6,28
2025-03-26 오전 10:20:32,100,3,29
2025-03-26 오전 10:20:33,100,4,30
2025-03-26 오전 10:20:37,100,5,31
2025-03-26 오전 10:20:39,50,7,32
2025-03-26 오전 10:20:41,100,6,33
2025-03-26 오전 10:20:44,100,7,34
2025-03-26 오전 10:20:47,50,8,35
2025-03-26 오전 10:20:51,10,10,36
2025-03-26 오전 10:20:52,10,11,37
2025-03-26 오전 10:20:55,50,9,38
2025-03-26 오전 10:20:57,50,10,39
2025-03-26 오전 10:21:03,10,12,40
2025-03-26 오전 10:21:07,50,11,41
2025-03-26 오후 1:17:02,10,1,1
2025-03-26 오후 1:19:23,30,1,1
2025-03-26 오후 1:19:28,50,1,2
2025-03-26 오후 1:19:32,10,1,3
2025-03-26 오후 1:19:40,100,1,4
2025-03-26 오후 1:19:41,100,2,5
2025-03-26 오후 1:19:45,100,3,6
2025-03-26 오후 1:19:55,0,1,7
2025-03-26 오후 1:19:55,0,2,8
2025-03-26 오후 1:19:58,0,3,9
2025-03-26 오후 1:20:01,0,4,10
2025-03-26 오후 1:20:04,30,2,11
2025-03-26 오후 1:20:12,50,2,12
2025-03-26 오후 1:20:12,50,3,13
2025-03-26 오후 1:20:18,10,2,14
2025-03-26 오후 1:20:21,0,5,15
2025-03-26 오후 1:20:22,0,6,16
2025-03-26 오후 1:20:22,10,3,17
2025-03-26 오후 1:20:30,0,7,18
2025-03-26 오후 1:20:33,0,8,19
2025-03-26 오후 1:20:34,0,9,20
2025-03-26 오후 1:20:35,0,10,21
2025-03-26 오후 1:20:40,30,3,22
2025-03-26 오후 1:20:40,30,4,23
2025-03-26 오후 1:20:43,10,4,24
2025-03-26 오후 1:20:44,10,5,25
2025-03-26 오후 1:20:48,30,5,26
2025-03-26 오후 1:20:52,10,6,27
2025-03-26 오후 2:13:51,50,1,1
2025-03-26 오후 2:14:09,100,1,2
2025-03-26 오후 2:14:18,0,1,3
2025-03-26 오후 2:14:23,10,1,4
2025-03-26 오후 2:14:26,30,1,5
2025-03-26 오후 2:14:29,100,2,6
2025-03-26 오후 2:14:34,30,2,7
2025-03-26 오후 2:14:35,50,2,8
2025-03-26 오후 2:14:38,100,3,9
2025-03-26 오후 2:14:40,30,3,10
2025-03-26 오후 2:14:43,10,2,11
2025-03-26 오후 2:14:45,0,2,12
2025-03-27 오전 10:12:29,30,1,1
2025-03-27 오전 10:12:36,30,2,2
2025-03-27 오전 10:12:42,10,1,3
2025-03-27 오전 10:12:50,30,3,4
2025-03-27 오전 10:12:55,10,2,5
2025-03-27 오전 10:12:58,30,4,6
2025-03-27 오전 10:13:02,0,1,7
2025-03-27 오전 10:13:08,100,1,8
2025-03-27 오전 10:13:11,50,1,9
2025-03-27 오전 10:13:14,30,5,10
2025-03-27 오전 10:13:18,10,3,11
2025-03-27 오전 10:13:21,100,2,12
2025-03-27 오전 10:13:26,10,4,13
2025-03-27 오전 10:13:31,100,3,14
2025-03-27 오전 10:13:32,100,4,15
2025-03-27 오전 10:13:38,10,5,16
2025-03-27 오전 10:13:42,30,6,17
2025-03-27 오전 10:13:44,100,5,18
2025-03-27 오전 10:13:50,30,7,19
2025-03-27 오전 10:13:52,100,6,20
2025-03-27 오전 10:13:56,30,8,21
2025-03-27 오전 10:13:58,100,7,22
2025-03-27 오전 10:14:02,50,2,23
2025-03-27 오전 10:14:04,100,8,24
2025-03-27 오전 10:14:06,0,2,25
2025-03-27 오전 10:14:11,100,9,26
2025-03-27 오전 10:14:14,50,3,27
2025-03-27 오전 10:14:17,100,10,28
2025-03-30 오후 6:52:40,100,1,1
2025-03-30 오후 6:52:44,30,1,2
2025-03-30 오후 6:52:47,50,1,3
2025-03-30 오후 6:52:47,50,2,4
2025-03-30 오후 6:52:50,30,2,5
2025-03-30 오후 6:52:54,100,2,6
2025-03-30 오후 6:52:57,0,1,7
2025-03-30 오후 6:52:58,0,2,8
2025-03-30 오후 6:52:58,0,3,9
2025-03-30 오후 6:52:59,0,4,10
2025-03-30 오후 6:53:04,10,1,11
2025-03-30 오후 6:53:04,10,2,12
2025-03-31 오후 1:59:37,100,1,1
2025-03-31 오후 1:59:41,100,2,2
2025-03-31 오후 1:59:51,100,3,3
2025-03-31 오후 1:59:59,30,1,4
2025-03-31 오후 2:00:04,30,2,5
2025-03-31 오후 2:00:13,50,1,6
2025-03-31 오후 2:00:20,50,2,7
2025-03-31 오후 2:00:27,10,1,8
2025-03-31 오후 2:00:28,10,2,9
2025-03-31 오후 2:00:29,10,3,10
2025-03-31 오후 2:00:38,10,4,11
2025-03-31 오후 2:00:42,0,1,12
2025-03-31 오후 2:00:43,0,2,13
2025-03-31 오후 2:00:48,100,4,14
2025-03-31 오후 2:00:56,10,5,15
2025-03-31 오후 2:00:58,10,6,16
2025-03-31 오후 2:00:58,10,7,17
2025-03-31 오후 2:01:04,10,8,18
2025-03-31 오후 2:01:08,50,3,19
2025-03-31 오후 2:01:16,0,3,20
2025-03-31 오후 2:01:22,0,4,21
2025-03-31 오후 2:01:29,10,9,22
2025-03-31 오후 2:01:32,50,4,23
2025-03-31 오후 2:01:35,30,3,24
2025-03-31 오후 2:01:41,100,5,25
2025-03-31 오후 2:01:45,10,10,26
2025-03-31 오후 2:01:50,10,11,27
2025-03-31 오후 2:01:53,50,5,28
2025-03-31 오후 2:01:54,50,6,29
2025-03-31 오후 2:01:57,10,12,30
2025-03-31 오후 2:01:59,50,7,31
2025-03-31 오후 2:02:04,100,6,32
2025-03-31 오후 2:02:07,50,8,33
2025-03-31 오후 2:33:53,50,1,1
2025-03-31 오후 2:33:56,50,2,2
2025-03-31 오후 2:33:58,100,1,3
2025-03-31 오후 2:34:00,50,3,4
2025-03-31 오후 2:34:02,10,1,5
2025-03-31 오후 2:34:06,10,2,6
2025-03-31 오후 2:34:07,10,3,7
2025-03-31 오후 2:34:12,30,1,8
2025-03-31 오후 2:34:14,0,1,9
2025-03-31 오후 2:34:18,100,2,10
2025-03-31 오후 2:34:27,100,3,11
2025-03-31 오후 2:34:30,10,4,12
2025-03-31 오후 2:34:31,100,4,13
2025-03-31 오후 2:34:32,100,5,14
2025-03-31 오후 2:34:32,100,6,15
2025-03-31 오후 2:34:33,100,7,16
2025-03-31 오후 2:34:37,50,4,17
2025-03-31 오후 2:34:39,50,5,18
2025-03-31 오후 2:34:43,10,5,19
2025-03-31 오후 2:34:46,50,6,20
2025-03-31 오후 2:34:47,10,6,21
2025-03-31 오후 2:34:48,50,7,22
2025-03-31 오후 2:34:52,50,8,23
2025-03-31 오후 2:34:57,50,9,24
2025-03-31 오후 2:34:57,50,10,25
2025-03-31 오후 2:35:00,100,8,26
2025-03-31 오후 2:35:01,100,9,27
2025-03-31 오후 2:35:05,30,2,28
2025-03-31 오후 2:35:08,0,2,29
2025-03-31 오후 2:35:09,0,3,30
2025-03-31 오후 2:35:11,0,4,31
2025-03-31 오후 2:35:13,50,11,32
2025-03-31 오후 2:35:17,10,7,33
2025-03-31 오후 2:35:20,30,3,34
2025-03-31 오후 2:35:23,30,4,35
2025-03-31 오후 2:35:23,30,5,36
2025-03-31 오후 2:35:26,100,10,37
2025-03-31 오후 2:35:30,50,12,38
2025-03-31 오후 2:35:34,10,8,39
2025-03-31 오후 6:33:44,50,1,1
2025-03-31 오후 6:34:05,0,1,1
2025-03-31 오후 6:34:09,100,1,2
2025-03-31 오후 6:34:09,100,2,3
2025-03-31 오후 6:34:19,10,1,4
2025-03-31 오후 6:34:19,10,2,5
2025-03-31 오후 6:34:21,50,1,6
2025-03-31 오후 6:34:23,0,2,7
2025-03-31 오후 6:34:27,100,3,8
2025-03-31 오후 6:34:29,30,1,9
2025-03-31 오후 6:34:31,50,2,10
2025-03-31 오후 6:34:32,10,3,11
2025-03-31 오후 6:34:32,10,4,12
2025-03-31 오후 6:34:33,50,3,13
2025-03-31 오후 6:34:35,10,5,14
2025-03-31 오후 6:34:42,10,6,15
2025-03-31 오후 6:34:44,50,4,16
2025-03-31 오후 6:34:46,10,7,17
2025-03-31 오후 6:34:51,100,4,18
2025-03-31 오후 6:34:53,50,5,19
2025-03-31 오후 6:34:55,100,5,20
2025-03-31 오후 6:34:59,100,6,21
2025-03-31 오후 6:35:01,50,6,22
2025-03-31 오후 6:35:07,30,2,23
2025-03-31 오후 6:35:11,100,7,24
2025-04-01 오후 2:23:22,100,1,1
2025-04-01 오후 2:23:34,0,1,2
2025-04-01 오후 2:23:42,50,1,3
2025-04-01 오후 2:23:51,30,1,4
2025-04-01 오후 2:23:56,50,2,5
2025-04-01 오후 2:24:00,0,2,6
2025-04-01 오후 2:24:08,10,1,7
2025-04-01 오후 2:24:13,30,2,8
2025-04-01 오후 2:24:19,100,2,9
2025-04-01 오후 2:24:23,10,2,10
2025-04-01 오후 2:24:27,100,3,11
2025-04-01 오후 2:24:30,50,3,12
2025-04-01 오후 2:24:36,100,4,13
2025-04-01 오후 2:24:41,10,3,14
2025-04-01 오후 2:44:59,50,1,1
2025-04-01 오후 2:45:11,0,1,2
2025-04-01 오후 2:45:22,10,1,3
2025-04-01 오후 2:45:29,100,1,4
2025-04-01 오후 2:45:40,10,2,5
2025-04-01 오후 2:45:51,100,2,6
2025-04-01 오후 2:45:56,10,3,7
2025-04-01 오후 2:46:02,30,1,8
2025-04-01 오후 2:46:05,100,3,9
2025-04-01 오후 2:46:08,30,2,10
2025-04-01 오후 2:46:10,10,4,11
2025-04-01 오후 2:46:14,100,4,12
2025-04-01 오후 2:46:19,50,2,13
2025-04-01 오후 2:46:25,50,3,14
2025-04-01 오후 2:46:28,0,2,15
2025-04-01 오후 2:46:35,10,5,16
2025-04-01 오후 2:46:43,50,4,17
2025-04-01 오후 2:46:47,100,5,18
2025-04-01 오후 2:46:52,50,5,19
2025-04-01 오후 2:46:59,100,6,20
2025-04-01 오후 2:47:04,50,6,21
2025-04-01 오후 2:47:07,30,3,22
2025-04-01 오후 2:47:12,50,7,23
2025-04-01 오후 2:47:18,30,4,24
2025-04-01 오후 2:47:26,50,8,25
2025-04-10 오후 10:23:57,30,1,1
2025-04-10 오후 10:24:01,0,1,2
2025-04-10 오후 10:24:02,0,2,3
2025-04-10 오후 10:24:06,0,3,4
2025-04-10 오후 10:24:16,30,2,5
2025-04-10 오후 10:24:17,30,3,6
2025-04-10 오후 10:24:24,100,1,7
2025-04-10 오후 10:24:31,10,1,8
2025-04-10 오후 10:24:35,50,1,9
2025-04-10 오후 10:24:38,50,2,10
2025-04-10 오후 10:24:42,10,2,11
2025-04-10 오후 10:24:46,10,3,12
2025-04-10 오후 10:24:48,10,4,13
2025-04-10 오후 10:24:53,50,3,14
2025-04-10 오후 10:24:56,0,4,15
2025-04-10 오후 10:25:00,30,4,16
2025-04-10 오후 10:25:04,50,4,17
2025-04-10 오후 10:25:19,100,2,18
2025-04-10 오후 10:25:23,30,5,19
2025-04-10 오후 10:25:26,50,5,20
2025-04-12 오후 4:37:05,100,1,1
2025-04-12 오후 4:37:12,0,1,2
2025-04-12 오후 4:37:17,30,1,3
2025-04-12 오후 4:37:22,50,1,4
2025-04-12 오후 4:37:26,10,1,5
2025-04-12 오후 4:37:31,10,2,6
2025-04-12 오후 4:37:34,100,2,7
2025-04-12 오후 4:37:37,100,3,8
2025-04-12 오후 4:37:42,100,4,9
2025-04-12 오후 4:37:45,100,5,10
2025-04-12 오후 4:37:49,0,2,11
2025-04-12 오후 4:37:57,0,3,12
2025-04-12 오후 4:38:04,30,2,13
2025-04-12 오후 4:38:13,50,2,14
2025-04-12 오후 4:38:15,50,3,15
2025-04-12 오후 4:38:16,50,4,16
2025-04-12 오후 4:38:17,100,6,17
2025-04-12 오후 4:38:20,10,3,18
2025-04-12 오후 4:38:21,10,4,19
2025-04-12 오후 4:38:22,10,5,20
2025-04-12 오후 4:38:24,30,3,21
2025-04-12 오후 4:38:26,0,4,22
2025-04-12 오후 4:38:29,50,5,23
2025-04-12 오후 4:38:32,10,6,24
2025-04-12 오후 4:38:35,100,7,25
2025-04-12 오후 4:38:37,10,7,26
2025-04-12 오후 4:38:40,30,4,27
2025-04-12 오후 4:38:42,0,5,28
2025-04-12 오후 4:40:39,100,1,1
2025-04-12 오후 4:40:47,0,1,2
2025-04-12 오후 4:40:55,30,1,3
2025-04-12 오후 4:40:59,50,1,4
2025-04-12 오후 4:41:04,10,1,5
2025-04-12 오후 4:41:08,0,2,6
2025-04-12 오후 4:41:14,100,2,7
2025-04-12 오후 4:41:16,50,2,8
2025-04-12 오후 4:41:19,10,2,9
2025-04-12 오후 4:41:19,10,3,10
2025-04-12 오후 4:41:24,50,3,11
2025-04-12 오후 4:41:28,30,2,12
2025-04-12 오후 4:41:31,100,3,13
2025-04-12 오후 4:41:34,50,4,14
2025-04-12 오후 4:41:43,100,4,15
2025-04-12 오후 4:41:48,10,4,16
2025-04-12 오후 4:41:51,30,3,17
2025-04-12 오후 4:41:55,10,5,18
2025-04-12 오후 4:42:01,30,4,19
2025-04-16 오후 2:04:01,100,1,1
2025-04-16 오후 2:04:15,30,1,2
2025-04-16 오후 2:04:26,0,1,3
2025-04-16 오후 2:04:31,10,1,4
2025-04-16 오후 2:04:37,50,1,5
2025-04-16 오후 2:04:46,30,2,6
2025-04-16 오후 2:04:50,100,2,7
2025-04-16 오후 2:04:51,100,3,8
2025-04-16 오후 2:04:51,100,4,9
2025-04-16 오후 2:04:55,30,3,10
2025-04-16 오후 2:04:58,10,2,11
2025-04-16 오후 2:05:02,30,4,12
2025-04-16 오후 2:05:05,10,3,13
2025-04-16 오후 2:48:12,100,1,1
2025-04-16 오후 2:48:16,0,1,2
2025-04-16 오후 2:48:19,50,1,3
2025-04-16 오후 2:48:21,30,1,4
2025-04-16 오후 2:48:26,10,1,5
2025-04-16 오후 2:48:30,50,2,6
2025-04-16 오후 2:48:34,0,2,7
2025-04-16 오후 2:48:36,100,2,8
2025-04-16 오후 2:48:39,50,3,9
2025-04-16 오후 2:48:41,100,3,10
2025-04-16 오후 2:48:43,30,2,11
2025-04-16 오후 2:48:45,10,2,12
2025-04-16 오후 2:48:48,30,3,13
2025-04-16 오후 2:48:52,100,4,14
2025-04-16 오후 2:48:54,50,4,15
2025-04-16 오후 2:48:57,0,3,16
2025-04-16 오후 2:49:00,10,3,17
2025-04-16 오후 2:49:02,50,5,18
2025-04-16 오후 2:49:05,10,4,19
2025-04-16 오후 2:49:07,100,5,20
2025-04-16 오후 2:49:08,10,5,21
2025-04-16 오후 2:49:10,100,6,22
2025-04-16 오후 2:49:11,10,6,23
2025-04-16 오후 2:49:13,30,4,24
2025-04-16 오후 2:49:14,50,6,25
2025-04-16 오후 2:49:16,30,5,26
2025-04-16 오후 2:49:17,50,7,27
2025-04-16 오후 2:49:18,30,6,28
2025-04-16 오후 2:49:20,50,8,29
2025-04-16 오후 2:49:21,10,7,30
2025-04-16 오후 2:49:22,10,8,31
2025-04-16 오후 2:49:23,50,9,32
2025-04-16 오후 2:49:24,10,9,33
2025-04-16 오후 2:49:25,10,10,34
2025-04-16 오후 2:49:27,50,10,35
2025-04-16 오후 2:49:28,30,7,36
2025-04-16 오후 2:49:30,50,11,37
2025-04-16 오후 2:49:34,30,8,38
2025-04-16 오후 2:49:35,10,11,39
2025-04-16 오후 2:49:38,30,9,40
2025-04-16 오후 2:49:41,10,12,41
2025-04-16 오후 2:49:42,10,13,42
2025-04-16 오후 2:49:45,30,10,43
2025-04-16 오후 4:05:56,100,1,1
2025-04-16 오후 4:05:59,100,2,2
2025-04-16 오후 4:05:59,100,3,3
2025-04-16 오후 4:06:41,100,1,1
2025-04-16 오후 4:06:44,100,2,2
2025-04-16 오후 4:06:46,100,3,3
2025-04-16 오후 4:06:51,30,1,4
2025-04-16 오후 4:06:51,30,2,5
2025-04-16 오후 4:06:51,30,3,6
2025-04-16 오후 4:06:53,30,4,7
2025-04-16 오후 4:07:01,30,5,8
2025-04-16 오후 4:07:03,30,6,9
2025-04-16 오후 4:07:08,0,1,10
2025-04-16 오후 4:07:10,0,2,11
2025-04-16 오후 4:07:14,10,1,12
2025-04-16 오후 4:07:16,10,2,13
2025-04-16 오후 4:07:20,10,3,14
2025-04-16 오후 4:07:24,10,4,15
2025-04-16 오후 4:07:27,10,5,16
2025-04-16 오후 4:07:30,10,6,17
2025-04-16 오후 4:07:39,10,7,18
2025-04-16 오후 4:07:41,100,4,19
2025-04-16 오후 4:07:48,100,5,20
2025-04-16 오후 4:07:50,100,6,21
2025-04-16 오후 4:07:56,100,7,22
2025-04-16 오후 4:07:58,100,8,23
2025-04-16 오후 4:08:01,30,7,24
2025-04-16 오후 4:08:03,30,8,25
2025-04-16 오후 4:08:05,30,9,26
2025-04-16 오후 4:08:06,30,10,27
2025-04-16 오후 4:08:08,30,11,28
2025-04-16 오후 4:08:09,30,12,29
2025-04-16 오후 4:08:12,0,3,30
2025-04-16 오후 4:08:17,10,8,31
2025-04-16 오후 4:08:19,50,1,32
2025-04-16 오후 4:08:21,50,2,33
2025-04-16 오후 4:08:22,50,3,34
2025-04-16 오후 4:08:23,50,4,35
2025-04-16 오후 4:08:24,50,5,36
2025-04-16 오후 4:08:27,10,9,37
2025-04-16 오후 4:08:29,10,10,38
2025-04-16 오후 4:08:30,10,11,39
2025-04-16 오후 4:08:33,10,12,40
2025-04-16 오후 4:08:34,10,13,41
2025-04-16 오후 4:08:38,10,14,42
2025-04-16 오후 4:08:40,10,15,43
2025-04-16 오후 4:08:43,30,13,44
2025-04-16 오후 4:08:47,30,14,45
2025-04-16 오후 4:08:53,100,9,46
2025-04-16 오후 4:08:54,100,10,47
2025-04-16 오후 4:08:55,100,11,48
2025-04-16 오후 4:08:58,50,6,49
2025-04-16 오후 4:08:59,100,12,50
2025-04-16 오후 4:09:00,100,13,51
2025-04-16 오후 7:20:00,10,1,1
2025-04-16 오후 7:20:07,50,1,2
2025-04-16 오후 7:20:10,30,1,3
2025-04-16 오후 7:20:13,100,1,4
2025-04-16 오후 7:20:16,0,1,5
2025-04-16 오후 7:20:27,10,2,6
2025-04-16 오후 7:20:30,50,2,7
2025-04-16 오후 7:20:33,30,2,8
2025-04-16 오후 7:20:35,100,2,9
2025-04-16 오후 7:20:37,100,3,10
2025-04-16 오후 7:20:39,0,2,11
2025-04-16 오후 7:20:52,10,3,12
2025-04-16 오후 7:20:54,50,3,13
2025-04-16 오후 7:20:57,10,4,14
2025-04-16 오후 7:21:01,30,3,15
2025-04-16 오후 7:21:02,100,4,16
2025-04-16 오후 7:21:03,0,3,17
2025-04-16 오후 7:21:04,0,4,18
2025-04-16 오후 7:21:11,10,5,19
2025-04-16 오후 7:21:13,100,5,20
2025-04-16 오후 7:21:15,30,4,21
2025-04-16 오후 7:21:17,30,5,22
2025-04-16 오후 7:21:18,100,6,23
2025-04-16 오후 7:21:22,50,4,24
2025-04-16 오후 7:21:23,30,6,25
2025-04-16 오후 7:21:26,100,7,26
2025-04-16 오후 7:21:27,50,5,27
2025-04-17 오전 11:05:52,100,1,1
2025-04-17 오전 11:05:58,100,2,2
2025-04-17 오전 11:06:04,0,1,3
2025-04-17 오전 11:06:16,50,1,4
2025-04-17 오전 11:06:19,100,3,5
2025-04-17 오전 11:06:23,100,4,6
2025-04-17 오전 11:06:26,50,2,7
2025-04-17 오전 11:06:30,30,1,8
2025-04-17 오전 11:06:33,10,1,9
2025-04-17 오전 11:06:35,10,2,10
2025-04-17 오전 11:06:37,10,3,11
2025-04-17 오전 11:06:41,10,4,12
2025-04-17 오전 11:06:43,30,2,13
2025-04-17 오전 11:06:47,100,5,14
2025-04-17 오전 11:06:48,100,6,15
2025-04-17 오전 11:06:58,50,3,16
2025-04-17 오전 11:07:01,100,7,17
2025-04-17 오전 11:07:04,50,4,18
2025-04-17 오전 11:07:08,100,8,19
2025-04-17 오전 11:07:11,50,5,20
2025-04-17 오전 11:07:13,50,6,21
2025-04-17 오전 11:07:17,30,3,22
2025-04-17 오전 11:07:20,10,5,23
2025-04-17 오전 11:07:22,10,6,24
2025-04-17 오전 11:07:23,0,2,25
2025-04-17 오후 4:06:19,50,1,1
2025-04-17 오후 4:06:20,50,2,2
2025-04-17 오후 4:06:20,50,3,3
2025-04-17 오후 4:06:21,10,1,4
2025-04-17 오후 4:06:23,50,4,5
2025-04-17 오후 4:06:24,50,5,6
2025-04-17 오후 4:06:30,30,1,7
2025-04-17 오후 4:06:30,30,2,8
2025-04-17 오후 4:06:33,100,1,9
2025-04-17 오후 4:06:35,0,1,10
2025-04-17 오후 4:06:36,0,2,11
2025-04-17 오후 4:06:38,0,3,12
2025-04-17 오후 4:06:39,0,4,13
2025-04-17 오후 4:06:39,0,5,14
2025-04-17 오후 4:06:41,0,6,15
2025-04-17 오후 4:06:51,10,2,16
2025-04-17 오후 4:06:54,50,6,17
2025-04-17 오후 4:06:55,30,3,18
2025-04-17 오후 4:06:57,100,2,19
2025-04-17 오후 4:06:58,100,3,20
2025-04-17 오후 4:07:00,100,4,21
2025-04-17 오후 4:07:03,100,5,22
2025-04-17 오후 4:07:04,100,6,23
2025-04-17 오후 4:07:06,30,4,24
2025-04-17 오후 4:07:08,50,7,25
2025-04-17 오후 4:07:11,30,5,26
2025-04-17 오후 4:07:13,100,7,27
2025-04-17 오후 4:07:16,50,8,28
2025-04-17 오후 4:07:18,50,9,29
2025-04-17 오후 4:07:21,100,8,30
2025-04-17 오후 4:07:23,50,10,31
2025-04-17 오후 4:07:27,50,11,32
2025-04-17 오후 4:07:32,100,9,33
2025-04-17 오후 4:07:37,50,12,34
2025-04-17 오후 5:04:45,100,1,1
2025-04-17 오후 5:04:53,100,2,2
2025-04-17 오후 5:04:57,30,1,3
2025-04-17 오후 5:05:02,30,2,4
2025-04-17 오후 5:05:06,50,1,5
2025-04-17 오후 5:05:08,50,2,6
2025-04-17 오후 5:05:11,10,1,7
2025-04-17 오후 5:05:17,10,2,8
2025-04-17 오후 5:05:22,100,3,9
2025-04-17 오후 5:05:28,100,4,10
2025-04-17 오후 5:05:35,100,5,11
2025-04-17 오후 5:05:38,100,6,12
2025-04-17 오후 5:05:43,100,7,13
2025-04-17 오후 5:05:44,100,8,14
2025-04-17 오후 5:05:45,100,9,15
2025-04-17 오후 5:05:50,30,3,16
2025-04-17 오후 5:05:59,10,3,17
2025-04-17 오후 5:06:04,10,4,18
2025-04-17 오후 5:06:19,100,10,19
2025-04-17 오후 5:06:21,100,11,20
2025-04-17 오후 5:06:21,100,12,21
2025-04-17 오후 5:06:26,10,5,22
2025-04-17 오후 5:06:37,100,13,23
2025-04-17 오후 5:06:39,100,14,24
2025-04-17 오후 5:06:43,10,6,25
2025-04-17 오후 5:06:50,10,7,26
2025-04-17 오후 5:06:55,10,8,27
2025-04-17 오후 5:06:57,10,9,28
2025-04-17 오후 5:07:03,100,15,29
2025-04-17 오후 5:07:08,100,16,30
2025-04-17 오후 5:07:13,30,4,31
2025-04-17 오후 5:07:18,30,5,32
2025-04-17 오후 5:07:28,0,1,33
2025-04-17 오후 5:07:35,10,10,34
2025-04-17 오후 5:07:38,0,2,35
2025-04-17 오후 5:07:42,50,3,36
2025-04-17 오후 5:07:45,10,11,37
2025-04-17 오후 5:07:48,50,4,38
2025-04-17 오후 5:07:50,10,12,39
2025-05-27 오전 9:21:18,30,1,1,0.3,
2025-05-27 오전 9:21:23,50,1,2,0.5,
2025-05-27 오전 9:21:24,50,2,3,0.5,
2025-05-27 오전 9:21:24,50,3,4,0.5,
2025-05-27 오전 9:21:25,50,4,5,0.5,
2025-05-27 오전 9:21:26,50,5,6,0.5,
2025-05-27 오전 9:21:29,50,6,7,0.5,
2025-05-27 오전 9:21:29,50,7,8,0.5,
2025-05-27 오전 9:21:32,10,1,9,0.1,
2025-05-27 오전 9:21:38,100,1,10,1,
2025-05-27 오전 9:21:42,0,1,11,0,
2025-05-27 오전 9:21:43,50,8,12,0.5,
2025-05-27 오전 9:21:48,30,2,13,0.3,
2025-05-27 오전 9:21:51,0,2,14,0,
2025-05-27 오전 9:21:57,100,2,15,1,
2025-05-27 오전 9:22:02,10,2,16,0.1,
2025-05-27 오전 9:22:10,0,3,17,0,
2025-05-27 오전 9:22:11,0,4,18,0,
2025-05-27 오후 3:01:25,100,1,1,1,
2025-05-27 오후 3:01:28,100,2,2,1,
2025-05-27 오후 3:01:31,100,3,3,1,
2025-05-27 오후 3:01:40,0,1,4,0,
2025-05-27 오후 3:01:46,50,1,5,0.5,
2025-05-27 오후 3:01:53,10,1,6,0.1,
2025-05-27 오후 3:01:53,10,2,7,0.1,
2025-05-27 오후 3:01:54,10,3,8,0.1,
2025-05-27 오후 3:01:55,10,4,9,0.1,
2025-05-27 오후 3:01:57,30,1,10,0.3,
2025-05-27 오후 3:01:57,30,2,11,0.3,
2025-05-27 오후 3:01:58,30,3,12,0.3,
2025-05-27 오후 3:01:58,100,4,13,1,
2025-05-27 오후 3:01:59,100,5,14,1,
2025-05-27 오후 3:02:00,0,2,15,0,
2025-05-27 오후 3:02:00,0,3,16,0,
2025-05-27 오후 3:02:01,0,4,17,0,
2025-05-27 오후 3:02:01,0,5,18,0,
2025-05-27 오후 3:02:06,0,6,19,0,
2025-05-27 오후 3:02:07,100,6,20,1,
2025-05-27 오후 3:02:08,100,7,21,1,
2025-05-27 오후 3:02:11,100,8,22,1,
2025-05-27 오후 3:02:13,30,4,23,0.3,
2025-05-27 오후 3:02:13,30,5,24,0.3,
2025-05-27 오후 3:02:14,30,6,25,0.3,
2025-05-27 오후 3:02:18,30,7,26,0.3,
2025-05-27 오후 3:02:20,30,8,27,0.3,
2025-05-27 오후 3:02:22,30,9,28,0.3,
2025-05-27 오후 3:02:24,100,9,29,1,
2025-05-27 오후 3:02:24,100,10,30,1,
2025-05-27 오후 3:02:27,100,11,31,1,
2025-05-27 오후 3:02:28,30,10,32,0.3,
2025-05-27 오후 3:02:30,30,11,33,0.3,
2025-05-27 오후 3:02:34,50,2,34,0.5,
2025-05-27 오후 3:02:43,50,3,35,0.5,
2025-05-27 오후 3:02:47,100,12,36,1,
2025-05-27 오후 3:02:50,50,4,37,0.5,
2025-05-27 오후 3:02:50,50,5,38,0.5,
2025-05-27 오후 3:02:52,50,6,39,0.5,
2025-05-27 오후 3:02:55,100,13,40,1,
2025-05-27 오후 3:02:56,100,14,41,1,
2025-05-27 오후 3:02:57,100,15,42,1,
2025-05-27 오후 3:03:00,100,16,43,1,
2025-05-27 오후 3:03:03,100,17,44,1,
2025-05-27 오후 3:03:06,30,12,45,0.3,
2025-05-27 오후 3:03:07,100,18,46,1,
2025-05-27 오후 3:03:09,50,7,47,0.5,
2025-05-27 오후 3:03:12,10,5,48,0.1,
2025-05-27 오후 3:03:16,30,13,49,0.3,
2025-05-27 오후 3:03:18,10,6,50,0.1,
2025-05-27 오후 3:03:19,10,7,51,0.1,
2025-05-27 오후 3:03:21,30,14,52,0.3,
2025-05-27 오후 3:03:24,30,15,53,0.3,
2025-05-27 오후 3:03:25,30,16,54,0.3,
2025-05-27 오후 3:03:28,0,7,55,0,
2025-05-27 오후 3:03:28,0,8,56,0,
2025-05-28 오후 12:01:39,0,1,1,0,
2025-05-28 오후 12:01:45,0,2,2,0,
2025-05-28 오후 12:01:46,0,3,3,0,
2025-05-28 오후 12:01:50,100,1,4,1,
2025-05-28 오후 12:01:51,100,2,5,1,
2025-05-28 오후 12:01:51,100,3,6,1,
2025-05-28 오후 12:01:51,100,4,7,1,
2025-05-28 오후 12:01:52,100,5,8,1,
2025-05-28 오후 12:01:52,100,6,9,1,
2025-05-28 오후 12:01:53,100,7,10,1,
2025-05-28 오후 12:02:09,30,1,11,0.3,
2025-05-28 오후 12:02:20,30,2,12,0.3,
2025-05-28 오후 12:02:23,10,1,13,0.1,
2025-05-28 오후 12:02:24,10,2,14,0.1,
2025-05-28 오후 12:02:26,10,3,15,0.1,
2025-05-28 오후 12:02:45,100,8,16,1,
2025-05-28 오후 12:02:48,100,9,17,1,
2025-05-28 오후 12:02:54,0,4,18,0,
2025-05-28 오후 12:03:01,0,5,19,0,
2025-05-28 오후 12:03:05,10,4,20,0.1,
2025-05-28 오후 12:03:22,100,10,21,1,
2025-05-28 오후 12:03:23,100,11,22,1,
2025-05-28 오후 12:03:32,30,3,23,0.3,
2025-05-28 오후 12:03:32,30,4,24,0.3,
2025-05-28 오후 12:03:42,50,1,25,0.5,
2025-05-28 오후 12:03:54,0,6,26,0,
2025-05-28 오후 3:12:14,100,1,1,1,
2025-05-28 오후 3:13:10,100,2,2,1,
2025-05-28 오후 3:13:32,30,1,3,0.3,
2025-05-28 오후 3:13:45,0,1,4,0,
2025-05-28 오후 3:13:52,10,1,5,0.1,
2025-05-28 오후 3:13:58,50,1,6,0.5,
2025-05-28 오후 3:14:01,50,2,7,0.5,
2025-05-28 오후 3:14:37,50,1,1,0.5,
2025-05-28 오후 3:14:43,50,2,2,0.5,
2025-05-28 오후 3:14:47,10,1,3,0.1,
2025-05-28 오후 3:14:53,30,1,4,0.3,
2025-05-28 오후 3:15:01,100,1,5,1,
2025-05-28 오후 3:15:09,0,1,6,0,
2025-05-28 오후 3:15:14,10,2,7,0.1,
2025-05-28 오후 3:15:18,0,2,8,0,
2025-05-28 오후 3:15:21,10,3,9,0.1,
2025-05-28 오후 3:15:25,100,2,10,1,
2025-05-28 오후 3:15:32,30,2,11,0.3,
2025-05-28 오후 3:15:36,50,3,12,0.5,
2025-05-28 오후 3:15:43,100,3,13,1,
2025-05-28 오후 3:15:50,30,3,14,0.3,
2025-05-28 오후 3:16:05,50,4,15,0.5,
2025-05-29 오전 9:49:53,50,1,1,0.5,
2025-05-29 오전 9:50:00,10,1,2,0.1,
2025-05-29 오전 10:11:16,100,1,1,1,
2025-05-29 오전 10:11:21,30,1,2,0.3,
2025-05-29 오전 10:11:26,50,1,3,0.5,
2025-05-29 오전 10:11:32,10,1,4,0.1,
2025-05-29 오전 10:11:34,0,1,5,0,
2025-05-29 오전 10:11:37,100,2,6,1,
2025-05-29 오전 10:11:40,10,2,7,0.1,
2025-05-29 오전 10:11:44,30,2,8,0.3,
2025-05-29 오전 10:11:49,100,3,9,1,
2025-05-29 오전 10:11:55,50,2,10,0.5,
2025-05-29 오전 10:11:56,30,3,11,0.3,
2025-05-29 오전 10:11:58,50,3,12,0.5,
2025-05-29 오전 10:12:00,100,4,13,1,
2025-05-29 오전 10:12:04,50,4,14,0.5,
2025-05-29 오전 10:12:08,30,4,15,0.3,
2025-05-29 오전 10:12:10,100,5,16,1,
2025-05-29 오전 10:12:14,100,6,17,1,
2025-05-29 오전 10:12:16,50,5,18,0.5,
2025-05-29 오전 10:12:18,100,7,19,1,
2025-05-29 오전 10:12:21,30,5,20,0.3,
2025-05-29 오후 12:00:52,100,1,1,1,
2025-05-29 오후 12:01:03,0,1,2,0,
2025-05-29 오후 12:01:07,0,2,3,0,
2025-05-29 오후 12:01:11,100,2,4,1,
2025-05-29 오후 12:01:20,100,3,5,1,
2025-05-29 오후 12:01:25,30,1,6,0.3,
2025-05-29 오후 12:01:29,30,2,7,0.3,
2025-05-29 오후 12:01:33,30,3,8,0.3,
2025-05-29 오후 12:01:36,0,3,9,0,
2025-05-29 오후 12:01:36,0,4,10,0,
2025-05-29 오후 12:01:39,0,5,11,0,
2025-05-29 오후 12:01:40,50,1,12,0.5,
2025-05-29 오후 12:01:46,10,1,13,0.1,
2025-05-29 오후 12:01:47,10,2,14,0.1,
2025-05-29 오후 12:01:56,100,4,15,1,
2025-05-29 오후 12:02:00,50,2,16,0.5,
2025-05-29 오후 12:02:02,50,3,17,0.5,
2025-05-29 오후 12:02:02,50,4,18,0.5,
2025-05-29 오후 12:02:04,0,6,19,0,
2025-05-29 오후 12:02:05,0,7,20,0,
2025-05-29 오후 12:02:09,10,3,21,0.1,
2025-05-29 오후 12:02:10,10,4,22,0.1,
2025-05-29 오후 12:02:10,10,5,23,0.1,
2025-05-29 오후 12:02:15,0,8,24,0,
2025-05-29 오후 12:02:19,0,9,25,0,
2025-05-29 오후 12:02:22,50,5,26,0.5,
2025-05-29 오후 12:02:25,100,5,27,1,
2025-05-29 오후 12:02:26,100,6,28,1,
2025-05-29 오후 12:02:31,100,7,29,1,
2025-05-29 오후 12:02:36,10,6,30,0.1,
2025-05-29 오후 12:02:38,10,7,31,0.1,
2025-05-29 오후 12:02:40,50,6,32,0.5,
2025-05-29 오후 12:02:42,30,4,33,0.3,
2025-05-29 오후 12:02:44,100,8,34,1,
2025-05-29 오후 12:02:48,100,9,35,1,
2025-05-29 오후 12:02:49,100,10,36,1,
2025-05-29 오후 12:03:16,50,7,37,0.5,
2025-05-29 오후 12:03:17,50,8,38,0.5,
2025-05-29 오후 12:03:17,50,9,39,0.5,
2025-05-29 오후 12:03:19,10,8,40,0.1,
2025-05-29 오후 12:03:25,100,11,41,1,
2025-05-29 오후 12:03:26,100,12,42,1,
2025-05-29 오후 12:03:27,100,13,43,1,
2025-05-29 오후 12:03:28,100,14,44,1,
2025-05-29 오후 12:03:32,50,10,45,0.5,
2025-05-29 오후 12:03:34,0,10,46,0,
2025-05-29 오후 12:03:34,0,11,47,0,
2025-05-29 오후 12:03:35,0,12,48,0,
2025-05-29 오후 12:03:36,0,13,49,0,
2025-05-29 오후 12:03:37,100,15,50,1,
2025-05-29 오후 12:03:37,100,16,51,1,
2025-05-29 오후 12:03:38,100,17,52,1,
2025-05-29 오후 12:03:39,50,11,53,0.5,
2025-05-29 오후 12:03:39,50,12,54,0.5,
2025-05-29 오후 12:03:41,10,9,55,0.1,
2025-05-29 오후 6:11:57,100,1,1,1,
2025-05-29 오후 6:12:06,50,1,2,0.5,
2025-05-29 오후 6:12:24,50,2,3,0.5,
2025-05-29 오후 6:12:47,0,1,1,0,
2025-05-29 오후 6:13:07,100,1,2,1,
2025-05-29 오후 6:13:12,100,2,3,1,
2025-05-29 오후 6:13:14,100,3,4,1,
2025-05-29 오후 6:13:16,100,4,5,1,
2025-05-29 오후 6:13:22,50,1,6,0.5,
2025-05-29 오후 6:13:24,50,2,7,0.5,
2025-05-29 오후 6:13:27,50,3,8,0.5,
2025-05-29 오후 6:13:32,30,1,9,0.3,
2025-05-29 오후 6:13:33,30,2,10,0.3,
2025-05-29 오후 6:13:33,30,3,11,0.3,
2025-05-29 오후 6:13:36,30,4,12,0.3,
2025-05-29 오후 6:13:38,30,5,13,0.3,
2025-05-29 오후 6:13:39,30,6,14,0.3,
2025-05-29 오후 6:13:43,10,1,15,0.1,
2025-05-29 오후 6:13:45,10,2,16,0.1,
2025-05-29 오후 6:13:52,100,5,17,1,
2025-05-29 오후 6:13:54,0,2,18,0,
2025-05-29 오후 6:14:14,30,7,19,0.3,
2025-05-29 오후 6:14:23,100,6,20,1,
2025-05-29 오후 6:14:26,50,4,21,0.5,
2025-05-29 오후 6:14:31,30,8,22,0.3,
2025-05-29 오후 6:14:34,30,9,23,0.3,
2025-05-29 오후 6:14:36,10,3,24,0.1,
2025-05-29 오후 6:14:39,30,10,25,0.3,
2025-05-30 오후 12:09:37,50,1,1,0.5,
2025-05-30 오후 12:09:44,100,1,2,1,
2025-05-30 오후 12:09:47,100,2,3,1,
2025-05-30 오후 12:09:48,100,3,4,1,
2025-05-30 오후 12:09:50,100,4,5,1,
2025-05-30 오후 12:09:53,10,1,6,0.1,
2025-05-30 오후 12:09:58,30,1,7,0.3,
2025-05-30 오후 12:10:02,0,1,8,0,
2025-05-30 오후 12:10:11,10,2,9,0.1,
2025-05-30 오후 12:10:15,30,2,10,0.3,
2025-05-30 오후 12:10:17,30,3,11,0.3,
2025-05-30 오후 12:10:22,10,3,12,0.1,
2025-05-30 오후 12:10:38,30,4,13,0.3,
2025-05-30 오후 12:10:40,30,5,14,0.3,
2025-05-30 오후 12:10:48,100,5,15,1,
2025-05-30 오후 12:10:50,100,6,16,1,
2025-05-30 오후 12:10:51,100,7,17,1,
2025-05-30 오후 12:10:54,50,2,18,0.5,
2025-05-30 오후 12:10:56,100,8,19,1,
2025-05-30 오후 12:11:01,50,3,20,0.5,
