2025-04-01 오후 2:47:59,30,1,1
2025-04-01 오후 2:48:08,30,2,2
2025-04-01 오후 2:48:10,30,3,3
2025-04-01 오후 2:48:12,100,1,4
2025-04-01 오후 2:48:12,100,2,5
2025-04-01 오후 2:48:13,100,3,6
2025-04-01 오후 2:48:18,0,1,7
2025-04-01 오후 2:48:19,0,2,8
2025-04-01 오후 2:48:21,0,3,9
2025-04-01 오후 2:48:25,0,4,10
2025-04-01 오후 2:48:31,50,1,11
2025-04-01 오후 2:48:39,50,2,12
2025-04-01 오후 2:48:55,10,1,13
2025-04-01 오후 2:49:01,10,2,14
2025-04-01 오후 2:49:02,10,3,15
2025-04-01 오후 2:49:08,30,4,16
2025-04-01 오후 2:49:08,30,5,17
2025-04-01 오후 2:49:09,30,6,18
2025-04-01 오후 2:49:10,30,7,19
2025-04-01 오후 2:49:20,50,3,20
2025-04-01 오후 2:49:26,100,4,21
2025-04-01 오후 2:49:31,50,4,22
2025-04-01 오후 2:49:39,50,1,1
2025-04-01 오후 2:49:43,50,2,2
2025-04-01 오후 2:49:50,30,1,3
2025-04-01 오후 2:49:56,50,3,4
2025-04-01 오후 2:50:02,10,1,5
2025-04-01 오후 2:50:07,100,1,6
2025-04-01 오후 2:50:17,30,2,7
2025-04-01 오후 2:50:24,30,3,8
2025-04-01 오후 2:50:31,100,2,9
2025-04-01 오후 2:50:36,100,3,10
2025-04-01 오후 2:50:44,50,4,11
2025-04-01 오후 2:50:49,100,4,12
2025-04-01 오후 2:50:54,50,5,13
2025-04-01 오후 2:50:59,0,1,14
2025-04-01 오후 2:51:11,100,1,1
2025-04-01 오후 2:51:22,100,2,2
2025-04-01 오후 2:51:25,0,1,3
2025-04-01 오후 2:51:29,50,1,4
2025-04-01 오후 2:51:39,10,1,5
2025-04-01 오후 2:51:40,10,2,6
2025-04-01 오후 2:51:44,0,2,7
2025-04-01 오후 2:51:50,10,3,8
2025-04-01 오후 2:51:54,30,1,9
2025-04-01 오후 2:52:07,100,3,10
2025-04-01 오후 2:52:12,30,2,11
2025-04-01 오후 2:52:12,30,3,12
2025-04-01 오후 2:52:15,50,2,13
2025-04-01 오후 2:52:26,30,1,1
2025-04-01 오후 2:52:35,30,2,2
2025-04-01 오후 2:52:44,100,1,3
2025-04-01 오후 2:52:50,50,1,4
2025-04-01 오후 2:52:58,10,1,5
2025-04-01 오후 2:53:05,0,1,6
2025-04-01 오후 2:53:08,10,2,7
2025-04-01 오후 2:53:13,0,2,8
2025-04-01 오후 2:53:16,50,2,9
2025-04-01 오후 2:53:29,Fur ball,1,1
2025-04-01 오후 2:53:33,bouncy ball,1,2
2025-04-01 오후 2:53:40,BaseBall,1,3
2025-04-01 오후 2:53:51,Steal ball,1,4
2025-04-01 오후 2:53:59,Sponge ball,1,5
2025-04-01 오후 2:54:09,bouncy ball,2,6
2025-04-01 오후 2:54:16,Fur ball,2,7
2025-04-01 오후 2:54:21,Sponge ball,2,8
2025-04-01 오후 2:54:25,Fur ball,3,9
2025-04-01 오후 2:54:35,Steal ball,1,1
2025-04-01 오후 2:54:35,Steal ball,2,2
2025-04-01 오후 2:54:36,Steal ball,3,3
2025-04-01 오후 2:54:37,Fur ball,1,4
2025-04-01 오후 2:54:43,BaseBall,1,5
2025-04-01 오후 2:54:57,Steal ball,4,6
2025-04-01 오후 2:55:04,Steal ball,5,7
2025-04-01 오후 2:55:13,BaseBall,2,8
2025-04-01 오후 2:55:20,BaseBall,3,9
2025-04-01 오후 2:55:30,Steal ball,6,10
2025-04-01 오후 2:55:35,BaseBall,4,11
2025-04-01 오후 2:55:38,Sponge ball,1,12
2025-04-01 오후 2:55:43,bouncy ball,1,13
2025-04-01 오후 2:56:00,50,1,1
2025-04-01 오후 2:56:13,10,1,2
2025-04-01 오후 2:56:14,10,2,3
2025-04-01 오후 2:56:19,100,1,4
2025-04-01 오후 2:56:30,0,1,5
2025-04-01 오후 2:56:35,30,1,6
2025-04-01 오후 2:56:43,100,2,7
2025-04-01 오후 2:56:47,50,2,8
2025-04-01 오후 2:56:52,30,2,9
2025-04-01 오후 2:57:02,Fur ball,1,1
2025-04-01 오후 2:57:05,BaseBall,1,2
2025-04-01 오후 2:57:13,Steal ball,1,3
2025-04-01 오후 2:57:23,BaseBall,2,4
2025-04-01 오후 2:57:26,BaseBall,3,5
2025-04-01 오후 2:57:32,Sponge ball,1,6
2025-04-01 오후 2:57:33,Sponge ball,2,7
2025-04-01 오후 2:57:35,Sponge ball,3,8
2025-04-01 오후 2:57:35,Sponge ball,4,9
2025-04-01 오후 2:57:36,Sponge ball,5,10
2025-04-01 오후 2:57:37,Sponge ball,6,11
2025-04-01 오후 2:57:42,bouncy ball,1,12
2025-04-01 오후 2:57:44,bouncy ball,2,13
2025-04-01 오후 2:57:44,bouncy ball,3,14
2025-04-01 오후 2:57:57,BaseBall,1,1
2025-04-01 오후 2:57:58,BaseBall,2,2
2025-04-01 오후 2:58:01,bouncy ball,1,3
2025-04-01 오후 2:58:16,bouncy ball,2,4
2025-04-01 오후 2:58:21,BaseBall,3,5
2025-04-01 오후 2:58:23,BaseBall,4,6
2025-04-01 오후 2:58:35,Steal ball,1,7
2025-04-01 오후 2:58:42,BaseBall,5,8
2025-04-01 오후 2:58:44,BaseBall,6,9
2025-04-01 오후 2:58:44,BaseBall,7,10
2025-04-01 오후 2:58:49,BaseBall,8,11
2025-04-01 오후 2:58:56,Steal ball,2,12
2025-04-01 오후 2:59:00,BaseBall,9,13
2025-04-01 오후 2:59:05,bouncy ball,3,14
2025-04-01 오후 2:59:11,Sponge ball,1,15
2025-04-01 오후 2:59:17,Fur ball,1,16
2025-04-01 오후 2:59:27,bouncy ball,1,1
2025-04-01 오후 2:59:37,Fur ball,1,2
2025-04-01 오후 2:59:41,Steal ball,1,3
2025-04-01 오후 2:59:51,Sponge ball,1,4
2025-04-01 오후 2:59:57,bouncy ball,2,5
2025-04-01 오후 3:00:05,Sponge ball,2,6
2025-04-01 오후 3:00:14,bouncy ball,3,7
2025-04-01 오후 3:00:18,BaseBall,1,8
2025-04-01 오후 3:00:25,Steal ball,2,9
2025-04-01 오후 3:00:28,BaseBall,2,10
