2025-04-16 오후 4:09:55,Steal ball,1,1
2025-04-16 오후 4:09:58,Steal ball,2,2
2025-04-16 오후 4:09:59,Steal ball,3,3
2025-04-16 오후 4:10:01,Steal ball,4,4
2025-04-16 오후 4:10:03,Sponge ball,1,5
2025-04-16 오후 4:10:05,Sponge ball,2,6
2025-04-16 오후 4:10:07,Sponge ball,3,7
2025-04-16 오후 4:10:09,bouncy ball,1,8
2025-04-16 오후 4:10:10,bouncy ball,2,9
2025-04-16 오후 4:10:13,BaseBall,1,10
2025-04-16 오후 4:10:15,BaseBall,2,11
2025-04-16 오후 4:10:16,BaseBall,3,12
2025-04-16 오후 4:10:18,BaseBall,4,13
2025-04-16 오후 4:10:20,BaseBall,5,14
2025-04-16 오후 4:10:24,BaseBall,6,15
2025-04-16 오후 4:10:25,BaseBall,7,16
2025-04-16 오후 4:10:26,BaseBall,8,17
2025-04-16 오후 4:10:28,BaseBall,9,18
2025-04-16 오후 4:10:30,bouncy ball,3,19
2025-04-16 오후 4:10:32,bouncy ball,4,20
2025-04-16 오후 4:10:33,bouncy ball,5,21
2025-04-16 오후 4:10:34,bouncy ball,6,22
2025-04-16 오후 4:10:37,bouncy ball,7,23
2025-04-16 오후 4:10:39,bouncy ball,8,24
2025-04-16 오후 4:10:41,bouncy ball,9,25
2025-04-16 오후 4:10:47,Fur ball,1,26
2025-04-16 오후 4:10:52,Sponge ball,4,27
2025-04-16 오후 4:10:56,Sponge ball,5,28
2025-04-16 오후 4:10:58,bouncy ball,10,29
2025-04-16 오후 4:10:58,bouncy ball,11,30
2025-04-16 오후 4:11:01,bouncy ball,12,31
2025-04-16 오후 4:11:02,bouncy ball,13,32
2025-04-16 오후 4:11:05,BaseBall,10,33
2025-04-16 오후 4:11:07,Sponge ball,6,34
2025-04-16 오후 4:11:09,bouncy ball,14,35
2025-04-16 오후 4:11:12,Steal ball,5,36
2025-04-16 오후 4:11:12,Steal ball,6,37
2025-04-16 오후 4:11:13,Steal ball,7,38
2025-04-16 오후 4:11:16,Steal ball,8,39
2025-04-16 오후 4:11:28,10,1,1
2025-04-16 오후 4:11:30,10,2,2
2025-04-16 오후 4:11:33,0,1,3
2025-04-16 오후 4:11:35,0,2,4
2025-04-16 오후 4:11:38,50,1,5
2025-04-16 오후 4:11:44,10,3,6
2025-04-16 오후 4:11:46,100,1,7
2025-04-16 오후 4:11:49,30,1,8
2025-04-16 오후 4:11:50,30,2,9
2025-04-16 오후 4:11:52,30,3,10
2025-04-16 오후 4:11:54,30,4,11
2025-04-16 오후 4:11:54,30,5,12
2025-04-16 오후 4:11:57,100,2,13
2025-04-16 오후 4:11:57,100,3,14
2025-04-16 오후 4:12:00,30,6,15
2025-04-16 오후 4:12:01,30,7,16
2025-04-16 오후 4:12:03,50,2,17
2025-04-16 오후 4:12:07,50,3,18
2025-04-16 오후 4:12:08,50,4,19
2025-04-16 오후 4:12:11,50,5,20
2025-04-16 오후 4:12:11,50,6,21
2025-04-16 오후 4:12:13,50,7,22
2025-04-16 오후 4:12:13,50,8,23
2025-04-16 오후 4:12:17,30,8,24
2025-04-16 오후 4:12:17,30,9,25
2025-04-16 오후 4:12:18,50,9,26
2025-04-16 오후 4:12:22,10,4,27
2025-04-16 오후 4:12:25,10,5,28
2025-04-16 오후 4:12:27,10,6,29
2025-04-16 오후 4:12:31,10,7,30
2025-04-16 오후 4:12:34,100,4,31
2025-04-16 오후 4:12:36,100,5,32
2025-04-16 오후 4:12:39,50,10,33
2025-04-16 오후 4:12:40,50,11,34
2025-04-16 오후 4:12:42,50,12,35
2025-04-16 오후 4:12:43,10,8,36
2025-04-16 오후 4:12:45,50,13,37
2025-04-16 오후 4:12:48,10,9,38
2025-04-16 오후 4:12:49,10,10,39
2025-04-16 오후 4:12:50,10,11,40
2025-04-16 오후 4:12:50,10,12,41
2025-04-16 오후 4:12:53,30,10,42
2025-04-16 오후 4:12:54,10,13,43
2025-04-16 오후 4:12:55,10,14,44
2025-04-16 오후 4:12:57,30,11,45
2025-04-16 오후 4:13:05,10,1,1
2025-04-16 오후 4:13:05,10,2,2
2025-04-16 오후 4:13:07,0,1,3
2025-04-16 오후 4:13:10,0,2,4
2025-04-16 오후 4:13:12,50,1,5
2025-04-16 오후 4:13:16,100,1,6
2025-04-16 오후 4:13:18,50,2,7
2025-04-16 오후 4:13:20,50,3,8
2025-04-16 오후 4:13:22,100,2,9
2025-04-16 오후 4:13:23,100,3,10
2025-04-16 오후 4:13:25,50,4,11
2025-04-16 오후 4:13:26,30,1,12
2025-04-16 오후 4:13:28,30,2,13
2025-04-16 오후 4:13:29,30,3,14
2025-04-16 오후 4:13:31,30,4,15
2025-04-16 오후 4:13:34,30,5,16
2025-04-16 오후 4:13:36,30,6,17
2025-04-16 오후 4:13:38,10,3,18
2025-04-16 오후 4:13:40,10,4,19
2025-04-16 오후 4:13:43,50,5,20
2025-04-16 오후 4:13:45,100,4,21
2025-04-16 오후 4:13:48,10,5,22
2025-04-16 오후 4:13:57,50,1,1
2025-04-16 오후 4:14:04,10,1,2
2025-04-16 오후 4:14:09,10,2,3
2025-04-16 오후 4:14:14,30,1,4
2025-04-16 오후 4:14:16,0,1,5
2025-04-16 오후 4:14:17,0,2,6
2025-04-16 오후 4:14:19,10,3,7
2025-04-16 오후 4:14:21,10,4,8
2025-04-16 오후 4:14:23,50,2,9
2025-04-16 오후 4:14:24,50,3,10
2025-04-16 오후 4:14:25,50,4,11
2025-04-16 오후 4:14:27,100,1,12
2025-04-16 오후 4:14:30,30,2,13
2025-04-16 오후 4:14:32,30,3,14
2025-04-16 오후 4:14:34,50,5,15
2025-04-16 오후 4:14:36,50,6,16
2025-04-16 오후 4:14:37,50,7,17
2025-04-16 오후 4:14:39,100,2,18
2025-04-16 오후 4:14:41,10,5,19
2025-04-16 오후 4:14:43,100,3,20
2025-04-16 오후 4:14:54,10,1,1
2025-04-16 오후 4:14:55,0,1,2
2025-04-16 오후 4:14:56,0,2,3
2025-04-16 오후 4:14:58,100,1,4
2025-04-16 오후 4:15:00,50,1,5
2025-04-16 오후 4:15:01,30,1,6
2025-04-16 오후 4:15:03,30,2,7
2025-04-16 오후 4:15:07,50,2,8
2025-04-16 오후 4:15:10,10,2,9
2025-04-16 오후 4:15:12,10,3,10
2025-04-16 오후 4:15:15,100,2,11
2025-04-16 오후 4:15:18,0,3,12
2025-04-16 오후 4:15:21,30,3,13
2025-04-16 오후 4:15:28,30,4,14
2025-04-16 오후 4:15:29,50,3,15
2025-04-16 오후 4:15:33,30,5,16
2025-04-16 오후 4:15:35,10,4,17
2025-04-16 오후 4:15:37,100,3,18
2025-04-16 오후 4:15:39,30,6,19
2025-04-16 오후 4:15:41,100,4,20
2025-04-16 오후 4:15:41,100,5,21
2025-04-16 오후 4:15:45,10,5,22
2025-04-16 오후 4:15:46,10,6,23
2025-04-16 오후 4:15:48,30,7,24
2025-04-16 오후 4:15:58,BaseBall,1,1
2025-04-16 오후 4:15:59,BaseBall,2,2
2025-04-16 오후 4:16:02,BaseBall,3,3
2025-04-16 오후 4:16:05,bouncy ball,1,4
2025-04-16 오후 4:16:07,bouncy ball,2,5
2025-04-16 오후 4:16:09,Fur ball,1,6
2025-04-16 오후 4:16:11,Sponge ball,1,7
2025-04-16 오후 4:16:14,BaseBall,4,8
2025-04-16 오후 4:16:15,BaseBall,5,9
2025-04-16 오후 4:16:15,BaseBall,6,10
2025-04-16 오후 4:16:18,bouncy ball,3,11
2025-04-16 오후 4:16:19,bouncy ball,4,12
2025-04-16 오후 4:16:20,bouncy ball,5,13
2025-04-16 오후 4:16:20,bouncy ball,6,14
2025-04-16 오후 4:16:22,bouncy ball,7,15
2025-04-16 오후 4:16:24,Fur ball,2,16
2025-04-16 오후 4:16:25,Fur ball,3,17
2025-04-16 오후 4:16:27,Sponge ball,2,18
2025-04-16 오후 4:16:30,Steal ball,1,19
2025-04-16 오후 4:16:33,BaseBall,7,20
2025-04-16 오후 4:16:35,Steal ball,2,21
2025-04-16 오후 4:16:41,Steal ball,1,1
2025-04-16 오후 4:16:43,Sponge ball,1,2
2025-04-16 오후 4:16:48,BaseBall,1,3
2025-04-16 오후 4:16:50,Fur ball,1,4
2025-04-16 오후 4:16:55,bouncy ball,1,5
2025-04-16 오후 4:17:01,bouncy ball,2,6
2025-04-16 오후 4:17:03,Steal ball,2,7
2025-04-16 오후 4:17:04,Sponge ball,2,8
2025-04-16 오후 4:17:06,Steal ball,3,9
2025-04-16 오후 4:17:08,BaseBall,2,10
2025-04-16 오후 4:17:11,bouncy ball,3,11
2025-04-16 오후 4:17:12,bouncy ball,4,12
2025-04-16 오후 4:17:13,Steal ball,4,13
2025-04-16 오후 4:17:14,Sponge ball,3,14
2025-04-16 오후 4:17:16,Steal ball,5,15
2025-04-16 오후 4:17:18,bouncy ball,5,16
2025-04-16 오후 4:17:20,bouncy ball,6,17
2025-04-16 오후 4:17:21,bouncy ball,7,18
2025-04-16 오후 4:17:24,bouncy ball,8,19
2025-04-16 오후 4:17:24,bouncy ball,9,20
2025-04-16 오후 4:17:25,bouncy ball,10,21
2025-04-16 오후 4:17:27,Steal ball,6,22
2025-04-16 오후 4:17:27,Steal ball,7,23
2025-04-16 오후 4:17:29,Steal ball,8,24
2025-04-16 오후 4:17:29,Steal ball,9,25
2025-04-16 오후 4:17:30,Steal ball,10,26
2025-04-16 오후 4:17:34,bouncy ball,11,27
2025-04-16 오후 4:17:45,bouncy ball,1,1
2025-04-16 오후 4:17:51,Steal ball,1,2
2025-04-16 오후 4:17:54,Sponge ball,1,3
2025-04-16 오후 4:17:57,Fur ball,1,4
2025-04-16 오후 4:17:58,Fur ball,2,5
2025-04-16 오후 4:18:02,BaseBall,1,6
2025-04-16 오후 4:18:05,BaseBall,2,7
2025-04-16 오후 4:18:11,Sponge ball,2,8
2025-04-16 오후 4:18:12,Sponge ball,3,9
2025-04-16 오후 4:18:16,Steal ball,2,10
2025-04-16 오후 4:18:18,Steal ball,3,11
2025-04-16 오후 4:18:21,bouncy ball,2,12
2025-04-16 오후 4:18:34,BaseBall,3,13
2025-04-16 오후 4:18:35,BaseBall,4,14
2025-04-16 오후 4:18:37,BaseBall,5,15
2025-04-16 오후 4:18:37,BaseBall,6,16
2025-04-16 오후 4:18:38,BaseBall,7,17
2025-04-16 오후 4:18:42,Steal ball,4,18
2025-04-16 오후 4:18:44,bouncy ball,3,19
2025-04-16 오후 4:18:55,Steal ball,1,1
2025-04-16 오후 4:18:56,Fur ball,1,2
2025-04-16 오후 4:18:57,Fur ball,2,3
2025-04-16 오후 4:18:58,Fur ball,3,4
2025-04-16 오후 4:19:01,BaseBall,1,5
2025-04-16 오후 4:19:05,Steal ball,2,6
2025-04-16 오후 4:19:07,Sponge ball,1,7
2025-04-16 오후 4:19:09,bouncy ball,1,8
2025-04-16 오후 4:19:14,bouncy ball,2,9
2025-04-16 오후 4:19:17,bouncy ball,3,10
2025-04-16 오후 4:19:19,Sponge ball,2,11
2025-04-16 오후 4:19:21,Steal ball,3,12
2025-04-16 오후 4:19:23,Steal ball,4,13
2025-04-16 오후 4:19:25,BaseBall,2,14
2025-04-16 오후 4:19:26,BaseBall,3,15
2025-04-16 오후 4:19:28,BaseBall,4,16
2025-04-16 오후 4:19:30,Steal ball,5,17
2025-04-16 오후 4:19:32,BaseBall,5,18
2025-04-16 오후 4:19:34,Sponge ball,3,19
2025-04-16 오후 4:19:36,bouncy ball,4,20
2025-04-16 오후 4:19:37,bouncy ball,5,21
2025-04-16 오후 4:19:40,Sponge ball,4,22
2025-04-16 오후 4:19:41,Sponge ball,5,23
2025-04-16 오후 4:19:42,Sponge ball,6,24
2025-04-16 오후 4:19:57,100,1,1
2025-04-16 오후 4:20:00,100,2,2
2025-04-16 오후 4:20:04,10,1,3
2025-04-16 오후 4:20:07,50,1,4
2025-04-16 오후 4:20:08,50,2,5
2025-04-16 오후 4:20:09,50,3,6
2025-04-16 오후 4:20:13,30,1,7
2025-04-16 오후 4:20:17,30,2,8
2025-04-16 오후 4:20:17,30,3,9
2025-04-16 오후 4:20:21,30,4,10
2025-04-16 오후 4:20:25,30,5,11
2025-04-16 오후 4:20:27,30,6,12
2025-04-16 오후 4:20:29,50,4,13
2025-04-16 오후 4:20:29,50,5,14
2025-04-16 오후 4:20:30,50,6,15
2025-04-16 오후 4:20:32,50,7,16
2025-04-16 오후 4:20:32,50,8,17
2025-04-16 오후 4:20:33,0,1,18
2025-04-16 오후 4:20:38,10,2,19
2025-04-16 오후 4:20:39,10,3,20
2025-04-16 오후 4:20:39,10,4,21
2025-04-16 오후 4:20:41,10,5,22
2025-04-16 오후 4:20:42,10,6,23
2025-04-16 오후 4:20:44,10,7,24
2025-04-16 오후 4:20:45,10,8,25
2025-04-16 오후 4:20:47,0,2,26
2025-04-16 오후 4:20:49,10,9,27
2025-04-16 오후 4:20:51,50,9,28
2025-04-16 오후 4:20:52,50,10,29
2025-04-16 오후 4:20:54,30,7,30
2025-04-16 오후 4:20:55,30,8,31
2025-04-16 오후 4:20:57,100,3,32
2025-04-16 오후 4:21:00,50,11,33
2025-04-16 오후 4:21:02,50,12,34
2025-04-16 오후 4:21:03,50,13,35
2025-04-16 오후 4:21:04,50,14,36
2025-04-16 오후 4:21:05,50,15,37
2025-04-16 오후 4:21:11,100,4,38
2025-04-16 오후 4:21:13,30,9,39
2025-04-16 오후 4:21:17,50,16,40
