2025-04-17 오후 4:08:32,30,1,1
2025-04-17 오후 4:08:35,50,1,2
2025-04-17 오후 4:08:37,0,1,3
2025-04-17 오후 4:08:38,0,2,4
2025-04-17 오후 4:08:42,100,1,5
2025-04-17 오후 4:08:44,50,2,6
2025-04-17 오후 4:08:45,50,3,7
2025-04-17 오후 4:08:47,10,1,8
2025-04-17 오후 4:08:50,30,2,9
2025-04-17 오후 4:08:52,50,4,10
2025-04-17 오후 4:08:55,100,2,11
2025-04-17 오후 4:09:05,100,1,1
2025-04-17 오후 4:09:07,30,1,2
2025-04-17 오후 4:09:08,30,2,3
2025-04-17 오후 4:09:10,0,1,4
2025-04-17 오후 4:09:12,10,1,5
2025-04-17 오후 4:09:15,50,1,6
2025-04-17 오후 4:09:18,100,2,7
2025-04-17 오후 4:09:25,Steal ball,1,1
2025-04-17 오후 4:09:27,Fur ball,1,2
2025-04-17 오후 4:09:31,bouncy ball,1,3
2025-04-17 오후 4:09:32,Sponge ball,1,4
2025-04-17 오후 4:09:37,BaseBall,1,5
2025-04-17 오후 4:09:41,bouncy ball,2,6
2025-04-17 오후 4:09:42,Steal ball,2,7
2025-04-17 오후 4:09:44,BaseBall,2,8
2025-04-17 오후 4:09:46,bouncy ball,3,9
2025-04-17 오후 4:09:54,Sponge ball,1,1
2025-04-17 오후 4:09:56,Fur ball,1,2
2025-04-17 오후 4:09:58,Sponge ball,2,3
2025-04-17 오후 4:10:00,Fur ball,2,4
2025-04-17 오후 4:10:01,bouncy ball,1,5
2025-04-17 오후 4:10:03,BaseBall,1,6
2025-04-17 오후 4:10:04,bouncy ball,2,7
2025-04-17 오후 4:10:04,bouncy ball,3,8
2025-04-17 오후 4:10:05,bouncy ball,4,9
2025-04-17 오후 4:10:07,BaseBall,2,10
2025-04-17 오후 4:10:09,Steal ball,1,11
2025-04-17 오후 4:10:10,BaseBall,3,12
2025-04-17 오후 4:10:11,bouncy ball,5,13
2025-04-17 오후 4:10:14,bouncy ball,6,14
2025-04-17 오후 4:10:21,Sponge ball,1,1
2025-04-17 오후 4:10:26,Sponge ball,2,2
2025-04-17 오후 4:10:28,Fur ball,1,3
2025-04-17 오후 4:10:28,Fur ball,2,4
2025-04-17 오후 4:10:31,BaseBall,1,5
2025-04-17 오후 4:10:32,Steal ball,1,6
2025-04-17 오후 4:10:35,bouncy ball,1,7
2025-04-17 오후 4:10:37,bouncy ball,2,8
2025-04-17 오후 4:10:39,Steal ball,2,9
2025-04-17 오후 4:10:41,bouncy ball,3,10
2025-04-17 오후 4:10:42,BaseBall,2,11
2025-04-17 오후 4:10:44,BaseBall,3,12
2025-04-17 오후 4:10:45,BaseBall,4,13
2025-04-17 오후 4:10:46,BaseBall,5,14
2025-04-17 오후 4:10:48,Steal ball,3,15
2025-04-17 오후 4:10:49,Steal ball,4,16
2025-04-17 오후 4:10:51,Steal ball,5,17
2025-04-17 오후 4:10:52,Steal ball,6,18
2025-04-17 오후 4:10:53,Steal ball,7,19
2025-04-17 오후 4:10:53,Steal ball,8,20
2025-04-17 오후 4:10:55,Steal ball,9,21
2025-04-17 오후 4:10:56,Steal ball,10,22
2025-04-17 오후 4:10:56,Steal ball,11,23
2025-04-17 오후 4:10:58,Steal ball,12,24
2025-04-17 오후 4:10:58,Steal ball,13,25
2025-04-17 오후 4:11:00,BaseBall,6,26
2025-04-17 오후 4:11:01,BaseBall,7,27
2025-04-17 오후 4:11:01,BaseBall,8,28
2025-04-17 오후 4:11:05,bouncy ball,4,29
2025-04-17 오후 4:11:05,bouncy ball,5,30
2025-04-17 오후 4:11:30,Fur ball,1,1
2025-04-17 오후 4:11:31,Fur ball,2,2
2025-04-17 오후 4:11:32,BaseBall,1,3
2025-04-17 오후 4:11:33,BaseBall,2,4
2025-04-17 오후 4:11:33,BaseBall,3,5
2025-04-17 오후 4:11:35,Sponge ball,1,6
2025-04-17 오후 4:11:38,BaseBall,4,7
2025-04-17 오후 4:11:40,BaseBall,5,8
2025-04-17 오후 4:11:41,BaseBall,6,9
2025-04-17 오후 4:11:42,bouncy ball,1,10
2025-04-17 오후 4:11:44,Steal ball,1,11
2025-04-17 오후 4:11:47,BaseBall,7,12
2025-04-17 오후 4:11:49,bouncy ball,2,13
2025-04-17 오후 4:11:50,bouncy ball,3,14
2025-04-17 오후 4:11:52,BaseBall,8,15
2025-04-17 오후 4:12:01,0,1,1
2025-04-17 오후 4:12:04,100,1,2
2025-04-17 오후 4:12:05,30,1,3
2025-04-17 오후 4:12:07,50,1,4
2025-04-17 오후 4:12:08,100,2,5
2025-04-17 오후 4:12:09,10,1,6
2025-04-17 오후 4:12:11,30,2,7
2025-04-17 오후 4:12:13,30,3,8
2025-04-17 오후 4:12:15,100,3,9
2025-04-17 오후 4:12:16,50,2,10
2025-04-17 오후 4:12:19,100,4,11
2025-04-17 오후 4:12:26,50,1,1
2025-04-17 오후 4:12:27,50,2,2
2025-04-17 오후 4:12:29,0,1,3
2025-04-17 오후 4:12:31,30,1,4
2025-04-17 오후 4:12:33,10,1,5
2025-04-17 오후 4:12:35,100,1,6
2025-04-17 오후 4:12:38,30,2,7
2025-04-17 오후 4:12:40,50,3,8
2025-04-17 오후 4:12:41,30,3,9
2025-04-17 오후 4:12:43,30,4,10
2025-04-17 오후 4:12:49,0,1,1
2025-04-17 오후 4:12:51,10,1,2
2025-04-17 오후 4:12:53,50,1,3
2025-04-17 오후 4:12:55,100,1,4
2025-04-17 오후 4:12:56,30,1,5
2025-04-17 오후 4:12:57,30,2,6
2025-04-17 오후 4:13:00,50,2,7
2025-04-17 오후 4:13:02,100,2,8
2025-04-17 오후 4:13:04,50,3,9
2025-04-17 오후 4:13:07,50,4,10
2025-04-17 오후 4:13:08,50,5,11
2025-04-17 오후 4:13:10,100,3,12
2025-04-17 오후 4:13:12,50,6,13
2025-04-17 오후 4:13:18,BaseBall,1,1
2025-04-17 오후 4:13:19,Sponge ball,1,2
2025-04-17 오후 4:13:21,Fur ball,1,3
2025-04-17 오후 4:13:23,Sponge ball,2,4
2025-04-17 오후 4:13:25,Steal ball,1,5
2025-04-17 오후 4:13:27,Steal ball,2,6
2025-04-17 오후 4:13:28,Steal ball,3,7
2025-04-17 오후 4:13:31,BaseBall,2,8
2025-04-17 오후 4:13:31,BaseBall,3,9
2025-04-17 오후 4:13:33,bouncy ball,1,10
2025-04-17 오후 4:13:35,bouncy ball,2,11
2025-04-17 오후 4:13:36,bouncy ball,3,12
2025-04-17 오후 4:13:37,bouncy ball,4,13
2025-04-17 오후 4:13:38,Steal ball,4,14
2025-04-17 오후 4:13:41,BaseBall,4,15
2025-04-17 오후 4:13:42,BaseBall,5,16
2025-04-17 오후 4:13:43,BaseBall,6,17
2025-04-17 오후 4:13:44,BaseBall,7,18
2025-04-17 오후 4:13:46,BaseBall,8,19
2025-04-17 오후 4:13:47,BaseBall,9,20
2025-04-17 오후 4:13:47,BaseBall,10,21
2025-04-17 오후 4:13:50,bouncy ball,5,22
2025-04-17 오후 4:13:51,bouncy ball,6,23
2025-04-17 오후 4:13:51,bouncy ball,7,24
2025-04-17 오후 4:13:53,bouncy ball,8,25
2025-04-17 오후 4:13:54,bouncy ball,9,26
2025-04-17 오후 4:13:56,BaseBall,11,27
