2025-04-12 오후 4:44:38,BaseBall,1,1
2025-04-12 오후 4:44:42,Sponge ball,1,2
2025-04-12 오후 4:44:45,bouncy ball,1,3
2025-04-12 오후 4:44:48,Fur ball,1,4
2025-04-12 오후 4:44:50,Steal ball,1,5
2025-04-12 오후 4:44:50,Steal ball,2,6
2025-04-12 오후 4:44:53,Fur ball,2,7
2025-04-12 오후 4:44:59,Sponge ball,2,8
2025-04-12 오후 4:45:05,Sponge ball,3,9
2025-04-12 오후 4:45:08,bouncy ball,2,10
2025-04-12 오후 4:45:12,Steal ball,3,11
2025-04-12 오후 4:45:13,bouncy ball,3,12
2025-04-12 오후 4:45:18,Sponge ball,4,13
2025-04-12 오후 4:45:24,BaseBall,2,14
2025-04-12 오후 4:45:27,Steal ball,4,15
2025-04-12 오후 4:45:30,BaseBall,3,16
2025-04-12 오후 4:45:34,Steal ball,5,17
2025-04-12 오후 4:45:39,BaseBall,4,18
2025-04-12 오후 4:45:50,BaseBall,1,1
2025-04-12 오후 4:45:53,bouncy ball,1,2
2025-04-12 오후 4:45:56,Sponge ball,1,3
2025-04-12 오후 4:45:58,Fur ball,1,4
2025-04-12 오후 4:46:03,Steal ball,1,5
2025-04-12 오후 4:46:06,Fur ball,2,6
2025-04-12 오후 4:46:11,Sponge ball,2,7
2025-04-12 오후 4:46:15,Sponge ball,3,8
2025-04-12 오후 4:46:20,bouncy ball,2,9
2025-04-12 오후 4:46:22,Sponge ball,4,10
2025-04-12 오후 4:46:26,bouncy ball,3,11
2025-04-12 오후 4:46:27,bouncy ball,4,12
2025-04-12 오후 4:46:33,BaseBall,2,13
2025-04-12 오후 4:46:39,Steal ball,2,14
2025-04-12 오후 4:46:42,BaseBall,3,15
2025-04-12 오후 4:46:45,Steal ball,3,16
2025-04-12 오후 4:46:57,30,1,1
2025-04-12 오후 4:47:00,10,1,2
2025-04-12 오후 4:47:02,100,1,3
2025-04-12 오후 4:47:05,0,1,4
2025-04-12 오후 4:47:07,0,2,5
2025-04-12 오후 4:47:09,50,1,6
2025-04-12 오후 4:47:09,50,2,7
2025-04-12 오후 4:47:09,50,3,8
2025-04-12 오후 4:47:10,50,4,9
2025-04-12 오후 4:47:13,0,3,10
2025-04-12 오후 4:47:18,10,2,11
2025-04-12 오후 4:47:20,10,3,12
2025-04-12 오후 4:47:20,10,4,13
2025-04-12 오후 4:47:21,10,5,14
2025-04-12 오후 4:47:21,10,6,15
2025-04-12 오후 4:47:21,10,7,16
2025-04-12 오후 4:47:23,10,8,17
2025-04-12 오후 4:47:23,10,9,18
2025-04-12 오후 4:47:25,30,2,19
2025-04-12 오후 4:47:30,10,10,20
2025-04-12 오후 4:47:34,100,2,21
2025-04-12 오후 4:47:38,50,5,22
2025-04-12 오후 4:47:41,100,3,23
2025-04-12 오후 4:47:41,100,4,24
2025-04-12 오후 4:47:41,100,5,25
2025-04-12 오후 4:47:45,30,3,26
2025-04-12 오후 4:47:47,30,4,27
2025-04-12 오후 4:47:54,30,5,28
2025-04-12 오후 4:47:57,100,6,29
2025-04-12 오후 4:47:59,30,6,30
2025-04-12 오후 4:48:03,100,7,31
2025-04-12 오후 4:48:08,10,11,32
2025-04-12 오후 4:48:09,10,12,33
2025-04-12 오후 4:48:13,50,6,34
2025-04-12 오후 4:48:15,10,13,35
2025-04-12 오후 4:48:17,50,7,36
2025-04-12 오후 4:48:20,10,14,37
2025-04-12 오후 4:48:23,50,8,38
2025-04-12 오후 4:48:35,50,1,1
2025-04-12 오후 4:48:38,0,1,2
2025-04-12 오후 4:48:42,30,1,3
2025-04-12 오후 4:48:45,100,1,4
2025-04-12 오후 4:48:54,10,1,5
2025-04-12 오후 4:48:59,0,2,6
2025-04-12 오후 4:49:03,30,2,7
2025-04-12 오후 4:49:06,10,2,8
2025-04-12 오후 4:49:09,100,2,9
2025-04-12 오후 4:49:12,30,3,10
2025-04-12 오후 4:49:14,100,3,11
2025-04-12 오후 4:49:17,30,4,12
2025-04-12 오후 4:49:20,10,3,13
2025-04-12 오후 4:49:23,30,5,14
2025-04-12 오후 4:49:26,50,2,15
2025-04-12 오후 4:49:28,30,6,16
2025-04-12 오후 4:49:31,50,3,17
2025-04-12 오후 4:49:41,BaseBall,1,1
2025-04-12 오후 4:49:45,Steal ball,1,2
2025-04-12 오후 4:49:48,bouncy ball,1,3
2025-04-12 오후 4:49:50,Sponge ball,1,4
2025-04-12 오후 4:49:53,Fur ball,1,5
2025-04-12 오후 4:49:57,Sponge ball,2,6
2025-04-12 오후 4:50:02,bouncy ball,2,7
2025-04-12 오후 4:50:05,Steal ball,2,8
2025-04-12 오후 4:50:07,BaseBall,2,9
2025-04-12 오후 4:50:09,Steal ball,3,10
2025-04-12 오후 4:50:11,BaseBall,3,11
2025-04-12 오후 4:50:15,Sponge ball,3,12
2025-04-12 오후 4:50:17,BaseBall,4,13
2025-04-12 오후 4:50:21,Steal ball,4,14
2025-04-12 오후 4:50:23,Sponge ball,4,15
2025-04-12 오후 4:50:27,bouncy ball,3,16
2025-04-12 오후 4:50:31,Steal ball,5,17
2025-04-12 오후 4:50:34,bouncy ball,4,18
2025-04-12 오후 4:50:37,Steal ball,6,19
2025-04-12 오후 4:50:46,bouncy ball,5,20
2025-04-12 오후 4:50:49,bouncy ball,6,21
2025-04-12 오후 4:50:55,Steal ball,7,22
2025-04-12 오후 4:50:59,bouncy ball,7,23
2025-04-12 오후 4:51:01,Steal ball,8,24
2025-04-12 오후 4:51:04,bouncy ball,8,25
2025-04-12 오후 4:51:07,Steal ball,9,26
2025-04-12 오후 4:51:09,bouncy ball,9,27
2025-04-12 오후 4:51:11,Steal ball,10,28
2025-04-12 오후 4:51:15,bouncy ball,10,29
2025-04-12 오후 4:51:17,Steal ball,11,30
2025-04-12 오후 4:51:20,Sponge ball,5,31
2025-04-12 오후 4:51:21,bouncy ball,11,32
2025-04-12 오후 4:51:23,Sponge ball,6,33
2025-04-12 오후 4:51:36,Sponge ball,1,1
2025-04-12 오후 4:51:38,bouncy ball,1,2
2025-04-12 오후 4:51:39,bouncy ball,2,3
2025-04-12 오후 4:51:42,Fur ball,1,4
2025-04-12 오후 4:51:44,Steal ball,1,5
2025-04-12 오후 4:51:46,BaseBall,1,6
2025-04-12 오후 4:51:48,Fur ball,2,7
2025-04-12 오후 4:51:51,Sponge ball,2,8
2025-04-12 오후 4:51:52,bouncy ball,3,9
2025-04-12 오후 4:51:54,BaseBall,2,10
2025-04-12 오후 4:51:55,Steal ball,2,11
2025-04-12 오후 4:51:58,Sponge ball,3,12
2025-04-12 오후 4:52:01,bouncy ball,4,13
2025-04-12 오후 4:52:04,Steal ball,3,14
2025-04-12 오후 4:52:07,BaseBall,3,15
2025-04-12 오후 4:52:11,bouncy ball,5,16
2025-04-12 오후 4:52:14,BaseBall,4,17
2025-04-12 오후 4:52:19,bouncy ball,6,18
2025-04-12 오후 4:52:26,BaseBall,5,19
2025-04-12 오후 4:52:29,bouncy ball,7,20
2025-04-12 오후 4:52:31,bouncy ball,8,21
2025-04-12 오후 4:52:38,BaseBall,6,22
2025-04-12 오후 4:52:38,BaseBall,7,23
2025-04-12 오후 4:52:43,BaseBall,8,24
2025-04-12 오후 4:52:48,bouncy ball,9,25
2025-04-12 오후 4:52:50,BaseBall,9,26
2025-04-12 오후 4:52:55,Steal ball,4,27
2025-04-12 오후 4:52:58,Steal ball,5,28
2025-04-12 오후 4:53:00,bouncy ball,10,29
2025-04-12 오후 4:53:03,Steal ball,6,30
2025-04-12 오후 4:53:15,10,1,1
2025-04-12 오후 4:53:18,100,1,2
2025-04-12 오후 4:53:21,100,2,3
2025-04-12 오후 4:53:24,0,1,4
2025-04-12 오후 4:53:27,30,1,5
2025-04-12 오후 4:53:29,50,1,6
2025-04-12 오후 4:53:31,0,2,7
2025-04-12 오후 4:53:35,100,3,8
2025-04-12 오후 4:53:38,30,2,9
2025-04-12 오후 4:53:42,100,4,10
2025-04-12 오후 4:53:44,10,2,11
2025-04-12 오후 4:53:54,50,2,12
2025-04-12 오후 4:53:56,10,3,13
2025-04-12 오후 4:53:58,100,5,14
2025-04-12 오후 4:54:01,50,3,15
2025-04-12 오후 4:54:02,50,4,16
2025-04-12 오후 4:54:05,10,4,17
2025-04-12 오후 4:54:07,50,5,18
2025-04-12 오후 4:54:09,10,5,19
2025-04-12 오후 4:54:11,50,6,20
2025-04-12 오후 4:54:14,10,6,21
2025-04-12 오후 4:54:16,50,7,22
2025-04-12 오후 4:54:18,10,7,23
2025-04-12 오후 4:54:20,50,8,24
2025-04-12 오후 4:54:22,50,9,25
2025-04-12 오후 4:54:31,Sponge ball,1,1
2025-04-12 오후 4:54:31,Sponge ball,2,2
2025-04-12 오후 4:54:32,Sponge ball,3,3
2025-04-12 오후 4:54:35,Fur ball,1,4
2025-04-12 오후 4:54:36,bouncy ball,1,5
2025-04-12 오후 4:54:37,bouncy ball,2,6
2025-04-12 오후 4:54:38,Fur ball,2,7
2025-04-12 오후 4:54:41,Steal ball,1,8
2025-04-12 오후 4:54:44,BaseBall,1,9
2025-04-12 오후 4:54:47,Fur ball,3,10
2025-04-12 오후 4:54:52,Sponge ball,4,11
2025-04-12 오후 4:54:54,bouncy ball,3,12
2025-04-12 오후 4:54:57,BaseBall,2,13
2025-04-12 오후 4:55:01,Sponge ball,5,14
2025-04-12 오후 4:55:02,Sponge ball,6,15
2025-04-12 오후 4:55:07,BaseBall,3,16
2025-04-12 오후 4:55:10,Steal ball,2,17
2025-04-12 오후 4:55:16,BaseBall,4,18
2025-04-12 오후 4:55:19,bouncy ball,4,19
2025-04-12 오후 4:55:20,bouncy ball,5,20
2025-04-12 오후 4:55:23,bouncy ball,6,21
2025-04-12 오후 4:55:26,bouncy ball,7,22
2025-04-12 오후 4:55:30,BaseBall,5,23
2025-04-12 오후 4:55:31,BaseBall,6,24
2025-04-12 오후 4:55:34,Steal ball,3,25
2025-04-12 오후 4:55:38,BaseBall,7,26
2025-04-12 오후 4:55:41,Steal ball,4,27
2025-04-12 오후 4:55:41,Steal ball,5,28
2025-04-12 오후 4:55:43,BaseBall,8,29
2025-04-12 오후 4:55:45,Steal ball,6,30
2025-04-12 오후 4:55:55,30,1,1
2025-04-12 오후 4:55:59,10,1,2
2025-04-12 오후 4:56:02,0,1,3
2025-04-12 오후 4:56:05,50,1,4
2025-04-12 오후 4:56:08,50,2,5
2025-04-12 오후 4:56:11,100,1,6
2025-04-12 오후 4:56:14,0,2,7
2025-04-12 오후 4:56:18,50,3,8
2025-04-12 오후 4:56:20,10,2,9
2025-04-12 오후 4:56:24,100,2,10
2025-04-12 오후 4:56:27,50,4,11
2025-04-12 오후 4:56:30,100,3,12
2025-04-12 오후 4:56:30,100,4,13
2025-04-12 오후 4:56:32,30,2,14
2025-04-12 오후 4:56:34,100,5,15
2025-04-12 오후 4:56:36,50,5,16
2025-04-12 오후 4:56:40,100,6,17
2025-04-12 오후 4:56:43,50,6,18
2025-04-12 오후 4:56:45,100,7,19
2025-04-12 오후 4:56:47,50,7,20
2025-04-12 오후 4:56:49,100,8,21
2025-04-12 오후 4:56:52,30,3,22
2025-04-12 오후 4:57:28,10,1,1
2025-04-12 오후 4:57:31,100,1,2
2025-04-12 오후 4:57:33,0,1,3
2025-04-12 오후 4:57:36,50,1,4
2025-04-12 오후 4:57:38,30,1,5
2025-04-12 오후 4:57:41,0,2,6
2025-04-12 오후 4:57:44,10,2,7
2025-04-12 오후 4:57:45,10,3,8
2025-04-12 오후 4:57:49,100,2,9
2025-04-12 오후 4:57:53,50,2,10
2025-04-12 오후 4:57:55,100,3,11
2025-04-12 오후 4:57:58,100,4,12
2025-04-12 오후 4:57:59,100,5,13
2025-04-12 오후 4:58:02,50,3,14
2025-04-12 오후 4:58:03,50,4,15
2025-04-12 오후 4:58:03,50,5,16
2025-04-12 오후 4:58:06,100,6,17
2025-04-12 오후 4:58:07,100,7,18
2025-04-12 오후 4:58:10,50,6,19
2025-04-12 오후 4:58:11,50,7,20
2025-04-12 오후 4:58:14,100,8,21
2025-04-12 오후 4:58:17,100,9,22
2025-04-12 오후 4:58:17,100,10,23
2025-04-12 오후 4:58:20,50,8,24
2025-04-12 오후 4:58:22,100,11,25
2025-04-12 오후 4:58:24,50,9,26
2025-04-12 오후 4:58:27,100,12,27
2025-04-12 오후 4:58:29,50,10,28
2025-04-12 오후 4:58:31,100,13,29
2025-04-12 오후 4:58:32,100,14,30
2025-04-12 오후 4:58:35,100,15,31
2025-04-12 오후 4:58:38,50,11,32
2025-04-12 오후 4:58:44,100,16,33
2025-04-12 오후 4:58:47,50,12,34
2025-04-12 오후 4:58:51,100,17,35
2025-04-12 오후 4:58:54,50,13,36
2025-04-12 오후 4:58:56,100,18,37
2025-04-12 오후 4:59:01,50,14,38
2025-04-12 오후 4:59:02,100,19,39
2025-04-12 오후 4:59:04,50,15,40
2025-04-12 오후 4:59:06,30,2,41
2025-04-12 오후 4:59:09,10,4,42
2025-04-12 오후 4:59:11,30,3,43
2025-04-12 오후 4:59:13,10,5,44
2025-04-12 오후 4:59:15,30,4,45
