2025-03-31 오후 6:35:54,0,1,1
2025-03-31 오후 6:35:58,30,1,2
2025-03-31 오후 6:36:00,100,1,3
2025-03-31 오후 6:36:03,10,1,4
2025-03-31 오후 6:36:06,50,1,5
2025-03-31 오후 6:36:14,100,2,6
2025-03-31 오후 6:36:19,50,2,7
2025-03-31 오후 6:36:22,30,2,8
2025-03-31 오후 6:36:27,30,3,9
2025-03-31 오후 6:36:28,10,2,10
2025-03-31 오후 6:36:31,30,4,11
2025-03-31 오후 6:36:33,10,3,12
2025-03-31 오후 6:36:35,30,5,13
2025-03-31 오후 6:36:39,100,3,14
2025-03-31 오후 6:36:44,10,4,15
2025-03-31 오후 6:36:48,30,6,16
2025-03-31 오후 6:36:51,10,5,17
2025-03-31 오후 6:37:04,Fur ball,1,1
2025-03-31 오후 6:37:14,Sponge ball,1,2
2025-03-31 오후 6:37:17,bouncy ball,1,3
2025-03-31 오후 6:37:28,Steal ball,1,4
2025-03-31 오후 6:37:29,Steal ball,2,5
2025-03-31 오후 6:37:32,Steal ball,3,6
2025-03-31 오후 6:37:33,Steal ball,4,7
2025-03-31 오후 6:37:38,BaseBall,1,8
2025-03-31 오후 6:37:38,BaseBall,2,9
2025-03-31 오후 6:37:42,BaseBall,3,10
2025-03-31 오후 6:37:44,BaseBall,4,11
2025-03-31 오후 6:37:44,BaseBall,5,12
2025-03-31 오후 6:37:48,Sponge ball,2,13
2025-03-31 오후 6:37:49,Sponge ball,3,14
2025-03-31 오후 6:37:54,Sponge ball,4,15
2025-03-31 오후 6:38:07,Sponge ball,5,16
2025-03-31 오후 6:38:11,bouncy ball,2,17
2025-03-31 오후 6:38:16,BaseBall,6,18
2025-03-31 오후 6:38:19,BaseBall,7,19
2025-03-31 오후 6:38:22,BaseBall,8,20
2025-03-31 오후 6:38:25,bouncy ball,3,21
2025-03-31 오후 6:38:28,Sponge ball,6,22
2025-03-31 오후 6:38:33,BaseBall,9,23
2025-03-31 오후 6:38:44,Sponge ball,1,1
2025-03-31 오후 6:38:49,Fur ball,1,2
2025-03-31 오후 6:38:49,Fur ball,2,3
2025-03-31 오후 6:38:54,Steal ball,1,4
2025-03-31 오후 6:38:54,Steal ball,2,5
2025-03-31 오후 6:38:58,bouncy ball,1,6
2025-03-31 오후 6:39:01,bouncy ball,2,7
2025-03-31 오후 6:39:07,bouncy ball,3,8
2025-03-31 오후 6:39:12,Steal ball,3,9
2025-03-31 오후 6:39:19,BaseBall,1,10
2025-03-31 오후 6:39:23,Sponge ball,2,11
2025-03-31 오후 6:39:28,BaseBall,2,12
2025-03-31 오후 6:39:30,Sponge ball,3,13
2025-03-31 오후 6:39:36,Steal ball,4,14
2025-03-31 오후 6:39:39,Steal ball,5,15
2025-03-31 오후 6:39:41,bouncy ball,4,16
2025-03-31 오후 6:39:47,BaseBall,3,17
2025-03-31 오후 6:39:49,BaseBall,4,18
2025-03-31 오후 6:39:53,Steal ball,6,19
2025-03-31 오후 6:39:57,Steal ball,7,20
2025-03-31 오후 6:40:01,Steal ball,8,21
2025-03-31 오후 6:40:02,Steal ball,9,22
2025-03-31 오후 6:40:07,BaseBall,5,23
2025-03-31 오후 6:40:10,BaseBall,6,24
2025-03-31 오후 6:40:13,Steal ball,10,25
2025-03-31 오후 6:40:15,Steal ball,11,26
2025-03-31 오후 6:40:17,BaseBall,7,27
2025-03-31 오후 6:40:18,BaseBall,8,28
2025-03-31 오후 6:40:19,BaseBall,9,29
2025-03-31 오후 6:40:23,BaseBall,10,30
2025-03-31 오후 6:40:26,Steal ball,12,31
2025-03-31 오후 6:40:34,bouncy ball,5,32
2025-03-31 오후 6:40:37,bouncy ball,6,33
2025-03-31 오후 6:40:39,bouncy ball,7,34
2025-03-31 오후 6:40:41,bouncy ball,8,35
2025-03-31 오후 6:40:45,BaseBall,11,36
2025-03-31 오후 6:40:47,BaseBall,12,37
2025-03-31 오후 6:40:58,bouncy ball,1,1
2025-03-31 오후 6:41:01,Steal ball,1,2
2025-03-31 오후 6:41:03,Fur ball,1,3
2025-03-31 오후 6:41:06,Fur ball,2,4
2025-03-31 오후 6:41:09,Fur ball,3,5
2025-03-31 오후 6:41:10,Sponge ball,1,6
2025-03-31 오후 6:41:11,Sponge ball,2,7
2025-03-31 오후 6:41:14,BaseBall,1,8
2025-03-31 오후 6:41:18,BaseBall,2,9
2025-03-31 오후 6:41:22,Steal ball,2,10
2025-03-31 오후 6:41:27,bouncy ball,2,11
2025-03-31 오후 6:41:37,Steal ball,1,1
2025-03-31 오후 6:41:40,bouncy ball,1,2
2025-03-31 오후 6:41:45,Fur ball,1,3
2025-03-31 오후 6:41:49,Sponge ball,1,4
2025-03-31 오후 6:41:56,BaseBall,1,5
2025-03-31 오후 6:42:01,BaseBall,2,6
2025-03-31 오후 6:42:04,BaseBall,3,7
2025-03-31 오후 6:42:07,Steal ball,2,8
2025-03-31 오후 6:42:11,Steal ball,3,9
2025-03-31 오후 6:42:15,Steal ball,4,10
2025-03-31 오후 6:42:21,BaseBall,4,11
2025-03-31 오후 6:42:26,BaseBall,5,12
2025-03-31 오후 6:42:30,BaseBall,6,13
2025-03-31 오후 6:42:34,BaseBall,7,14
2025-03-31 오후 6:42:35,BaseBall,8,15
2025-03-31 오후 6:42:37,BaseBall,9,16
2025-03-31 오후 6:42:41,bouncy ball,2,17
2025-03-31 오후 6:42:45,BaseBall,10,18
2025-03-31 오후 6:42:47,Steal ball,5,19
2025-03-31 오후 6:43:00,0,1,1
2025-03-31 오후 6:43:06,10,1,2
2025-03-31 오후 6:43:09,30,1,3
2025-03-31 오후 6:43:12,50,1,4
2025-03-31 오후 6:43:17,100,1,5
2025-03-31 오후 6:43:21,100,2,6
2025-03-31 오후 6:43:23,100,3,7
2025-03-31 오후 6:43:28,10,2,8
2025-03-31 오후 6:43:50,50,2,9
2025-03-31 오후 6:43:53,100,4,10
2025-03-31 오후 6:43:53,100,5,11
2025-03-31 오후 6:43:57,100,6,12
2025-03-31 오후 6:44:03,50,3,13
2025-03-31 오후 6:44:04,50,4,14
2025-03-31 오후 6:44:07,50,5,15
2025-03-31 오후 6:44:12,30,2,16
2025-03-31 오후 6:44:18,50,6,17
2025-03-31 오후 6:44:21,50,7,18
2025-03-31 오후 6:44:23,30,3,19
2025-03-31 오후 6:44:25,50,8,20
2025-03-31 오후 6:44:29,30,4,21
2025-03-31 오후 6:44:30,100,7,22
2025-03-31 오후 6:44:56,100,1,1
2025-03-31 오후 6:44:59,100,2,2
2025-03-31 오후 6:45:03,10,1,3
2025-03-31 오후 6:45:07,30,1,4
2025-03-31 오후 6:45:09,30,2,5
2025-03-31 오후 6:45:12,0,1,6
2025-03-31 오후 6:45:16,0,2,7
2025-03-31 오후 6:45:20,10,2,8
2025-03-31 오후 6:45:22,0,3,9
2025-03-31 오후 6:45:24,30,3,10
2025-03-31 오후 6:45:26,30,4,11
2025-03-31 오후 6:45:26,30,5,12
2025-03-31 오후 6:45:29,10,3,13
2025-03-31 오후 6:45:33,100,3,14
2025-03-31 오후 6:45:36,100,4,15
2025-03-31 오후 6:45:36,100,5,16
2025-03-31 오후 6:45:38,100,6,17
2025-03-31 오후 6:45:41,100,7,18
2025-03-31 오후 6:45:43,100,8,19
2025-03-31 오후 6:45:48,50,1,20
2025-03-31 오후 6:45:49,50,2,21
2025-03-31 오후 6:45:53,100,9,22
2025-03-31 오후 6:46:09,100,1,1
2025-03-31 오후 6:46:11,100,2,2
2025-03-31 오후 6:46:14,10,1,3
2025-03-31 오후 6:46:16,50,1,4
2025-03-31 오후 6:46:16,50,2,5
2025-03-31 오후 6:46:16,50,3,6
2025-03-31 오후 6:46:20,30,1,7
2025-03-31 오후 6:46:21,30,2,8
2025-03-31 오후 6:46:24,0,1,9
2025-03-31 오후 6:46:34,30,3,10
2025-03-31 오후 6:46:43,100,3,11
2025-03-31 오후 6:46:47,50,4,12
2025-03-31 오후 6:46:51,50,5,13
2025-03-31 오후 6:46:53,50,6,14
2025-03-31 오후 6:46:54,50,7,15
2025-03-31 오후 6:46:56,10,2,16
2025-03-31 오후 6:46:56,10,3,17
2025-03-31 오후 6:46:59,100,4,18
2025-03-31 오후 6:47:00,100,5,19
2025-03-31 오후 6:47:02,100,6,20
2025-03-31 오후 6:47:03,100,7,21
2025-03-31 오후 6:47:05,100,8,22
2025-03-31 오후 6:47:10,10,4,23
2025-03-31 오후 6:47:13,10,5,24
2025-03-31 오후 6:47:14,10,6,25
2025-03-31 오후 6:47:16,100,9,26
2025-03-31 오후 6:47:19,10,7,27
2025-03-31 오후 6:47:21,50,8,28
2025-03-31 오후 6:47:23,50,9,29
2025-03-31 오후 6:47:24,50,10,30
2025-03-31 오후 6:47:46,100,1,1
2025-03-31 오후 6:47:49,10,1,2
2025-03-31 오후 6:47:52,30,1,3
2025-03-31 오후 6:47:53,30,2,4
2025-03-31 오후 6:47:55,0,1,5
2025-03-31 오후 6:47:56,0,2,6
2025-03-31 오후 6:47:59,50,1,7
2025-03-31 오후 6:48:01,30,3,8
2025-03-31 오후 6:48:05,10,2,9
2025-03-31 오후 6:48:09,10,3,10
2025-03-31 오후 6:48:12,30,4,11
2025-03-31 오후 6:48:15,30,5,12
2025-03-31 오후 6:48:17,10,4,13
2025-03-31 오후 6:48:21,50,2,14
2025-03-31 오후 6:48:24,100,2,15
2025-03-31 오후 6:48:26,50,3,16
2025-03-31 오후 6:48:28,50,4,17
2025-03-31 오후 6:48:44,bouncy ball,1,1
2025-03-31 오후 6:48:46,Fur ball,1,2
2025-03-31 오후 6:48:53,BaseBall,1,3
2025-03-31 오후 6:48:55,Steal ball,1,4
2025-03-31 오후 6:48:57,Sponge ball,1,5
2025-03-31 오후 6:49:03,BaseBall,2,6
2025-03-31 오후 6:49:05,Steal ball,2,7
2025-03-31 오후 6:49:08,BaseBall,3,8
2025-03-31 오후 6:49:09,Steal ball,3,9
2025-03-31 오후 6:49:13,bouncy ball,2,10
2025-03-31 오후 6:49:18,BaseBall,4,11
2025-03-31 오후 6:49:21,Steal ball,4,12
2025-03-31 오후 6:49:26,BaseBall,5,13
2025-03-31 오후 6:49:30,Steal ball,5,14
2025-03-31 오후 6:49:33,BaseBall,6,15
